ID,A,B,NEITHER
development-1,0.52667135,0.39817226,0.07515634
development-2,0.5381257,0.36966023,0.09221413
development-3,0.57662994,0.39557803,0.027792027
development-4,0.27717814,0.54073274,0.1820891
development-5,0.6946299,0.169328,0.13604215
development-6,0.520124,0.438437,0.041438945
development-7,0.45162702,0.53934175,0.009031339
development-8,0.5250716,0.45240867,0.022519717
development-9,0.565966,0.3784562,0.055577736
development-10,0.44262516,0.52234614,0.035028744
development-11,0.3592548,0.551329,0.08941616
development-12,0.4770118,0.45738262,0.06560556
development-13,0.39272884,0.55980176,0.04746941
development-14,0.5148316,0.353674,0.13149445
development-15,0.31918448,0.41094127,0.26987427
development-16,0.3220609,0.62211937,0.055819716
development-17,0.62679845,0.34591675,0.027284801
development-18,0.41453224,0.4248953,0.16057241
development-19,0.37570453,0.47300392,0.15129158
development-20,0.44251063,0.45882714,0.09866226
development-21,0.49161243,0.4720082,0.036379393
development-22,0.48325655,0.4743139,0.0424295
development-23,0.67505306,0.24900322,0.075943746
development-24,0.48081335,0.45476827,0.064418346
development-25,0.54843515,0.3904902,0.06107462
development-26,0.49908942,0.3913822,0.10952835
development-27,0.30935022,0.3915767,0.29907304
development-28,0.38062423,0.36973187,0.24964386
development-29,0.47583234,0.4236702,0.10049748
development-30,0.32850376,0.4210463,0.25044996
development-31,0.41501498,0.46267268,0.12231233
development-32,0.46858191,0.397927,0.13349111
development-33,0.50629884,0.3656088,0.12809229
development-34,0.5934807,0.32108104,0.08543831
development-35,0.59203887,0.2888396,0.119121514
development-36,0.6409708,0.28488305,0.07414616
development-37,0.46643317,0.49063,0.042936824
development-38,0.4337967,0.49034393,0.07585938
development-39,0.48291558,0.44909638,0.06798812
development-40,0.29690492,0.6307106,0.072384484
development-41,0.61485547,0.36649555,0.018649042
development-42,0.7438546,0.11613592,0.14000948
development-43,0.77063847,0.16206788,0.06729364
development-44,0.5703076,0.36298692,0.066705465
development-45,0.4067087,0.5240665,0.06922477
development-46,0.54950625,0.3196323,0.13086145
development-47,0.39519995,0.43607703,0.16872303
development-48,0.48741516,0.3975924,0.11499246
development-49,0.51342285,0.3559605,0.13061662
development-50,0.59741515,0.32567006,0.07691475
development-51,0.43187502,0.48482606,0.08329901
development-52,0.41508693,0.43747237,0.14744067
development-53,0.30388254,0.45861885,0.2374986
development-54,0.33603328,0.6173264,0.046640355
development-55,0.5767472,0.30245346,0.12079931
development-56,0.44309354,0.4534497,0.10345682
development-57,0.5095062,0.46872512,0.02176866
development-58,0.39595076,0.48348227,0.12056701
development-59,0.54078925,0.39668572,0.062524974
development-60,0.6268727,0.34637868,0.02674856
development-61,0.46372095,0.4884946,0.047784436
development-62,0.5504666,0.4253512,0.024182227
development-63,0.37994093,0.31023976,0.30981928
development-64,0.50428843,0.42237514,0.073336385
development-65,0.21617287,0.6668147,0.11701233
development-66,0.47909477,0.46450517,0.056400046
development-67,0.5663885,0.38158372,0.052027844
development-68,0.42614937,0.44995734,0.12389325
development-69,0.36717567,0.59442705,0.038397294
development-70,0.45943466,0.48793206,0.052633304
development-71,0.50293773,0.46002167,0.037040625
development-72,0.3032439,0.5188551,0.177901
development-73,0.73360926,0.18167798,0.0847128
development-74,0.4859908,0.38665393,0.1273552
development-75,0.20116332,0.6072627,0.19157398
development-76,0.44813973,0.37951085,0.1723494
development-77,0.5575895,0.41483256,0.027577875
development-78,0.41879216,0.38679516,0.19441262
development-79,0.36223942,0.43433267,0.20342791
development-80,0.41441423,0.4538362,0.13174953
development-81,0.5098084,0.4336416,0.0565499
development-82,0.3276768,0.49842525,0.17389794
development-83,0.4528743,0.35969043,0.18743524
development-84,0.5268414,0.45058537,0.022573223
development-85,0.5750348,0.37542924,0.049536053
development-86,0.5766364,0.37175104,0.051612627
development-87,0.3595482,0.52530754,0.11514424
development-88,0.46322253,0.39312366,0.14365378
development-89,0.1672438,0.7903374,0.04241888
development-90,0.5016297,0.33119616,0.16717412
development-91,0.32032248,0.4603177,0.21935984
development-92,0.21195337,0.21947657,0.5685701
development-93,0.442519,0.33625576,0.22122519
development-94,0.45151204,0.3786651,0.16982286
development-95,0.347098,0.50790375,0.14499825
development-96,0.5096429,0.3862679,0.10408918
development-97,0.45334882,0.43767387,0.10897723
development-98,0.2907729,0.5568794,0.1523477
development-99,0.32490343,0.41315776,0.26193884
development-100,0.56399137,0.3114548,0.1245538
development-101,0.41650495,0.42789528,0.1555998
development-102,0.39911252,0.5437774,0.05711007
development-103,0.5313829,0.38521114,0.08340594
development-104,0.36986056,0.5067774,0.12336196
development-105,0.62846625,0.31112257,0.060411256
development-106,0.48324454,0.49563795,0.021117458
development-107,0.45184857,0.4348448,0.11330665
development-108,0.42353672,0.37097454,0.2054887
development-109,0.41366532,0.38269702,0.2036377
development-110,0.38896745,0.40378812,0.2072444
development-111,0.4979167,0.46839455,0.0336887
development-112,0.5822015,0.28826562,0.12953287
development-113,0.43278432,0.47005668,0.09715895
development-114,0.38746896,0.56804377,0.04448727
development-115,0.7165346,0.17977521,0.10369017
development-116,0.45029208,0.39818144,0.15152648
development-117,0.3471444,0.4396061,0.21324949
development-118,0.57370514,0.30325663,0.123038255
development-119,0.44211707,0.32082564,0.23705727
development-120,0.57205236,0.2765878,0.1513598
development-121,0.44515237,0.28772065,0.26712695
development-122,0.33590144,0.4200642,0.24403434
development-123,0.5867667,0.32391068,0.08932265
development-124,0.49277827,0.3752584,0.13196331
development-125,0.35397255,0.41096523,0.2350622
development-126,0.39906093,0.3943957,0.20654333
development-127,0.505409,0.3158838,0.17870727
development-128,0.58276737,0.29781073,0.1194219
development-129,0.47805655,0.40791374,0.11402971
development-130,0.53687704,0.3497044,0.11341853
development-131,0.5876208,0.15316449,0.25921476
development-132,0.49001637,0.42645967,0.08352392
development-133,0.46865982,0.47047514,0.060865067
development-134,0.48043007,0.3350352,0.1845347
development-135,0.34699202,0.48262465,0.1703833
development-136,0.48265466,0.40532762,0.112017736
development-137,0.24824207,0.5621368,0.18962115
development-138,0.47300994,0.46706817,0.059921894
development-139,0.5137918,0.4094643,0.07674383
development-140,0.3028407,0.4746277,0.22253162
development-141,0.50816756,0.475235,0.016597435
development-142,0.5063539,0.40183362,0.0918125
development-143,0.43688855,0.4086313,0.15448017
development-144,0.4887378,0.48964915,0.021613093
development-145,0.44639865,0.31987637,0.23372504
development-146,0.56702644,0.24595515,0.1870184
development-147,0.50266504,0.42576596,0.07156898
development-148,0.42720747,0.37831944,0.19447316
development-149,0.49500072,0.41663328,0.08836608
development-150,0.34324592,0.5018752,0.1548788
development-151,0.55624974,0.42245355,0.021296708
development-152,0.46021584,0.3660336,0.17375048
development-153,0.44325244,0.42414564,0.13260198
development-154,0.504985,0.45030758,0.044707466
development-155,0.3329788,0.4965323,0.17048891
development-156,0.38082635,0.38847873,0.23069488
development-157,0.48443267,0.40685496,0.10871242
development-158,0.2545649,0.5863794,0.15905559
development-159,0.7187039,0.2469871,0.034308918
development-160,0.4963081,0.3141094,0.18958245
development-161,0.41563088,0.54644465,0.03792455
development-162,0.53892076,0.3596702,0.10140903
development-163,0.43553278,0.45173323,0.11273404
development-164,0.43959823,0.37859443,0.18180723
development-165,0.3607443,0.45833793,0.18091778
development-166,0.44637585,0.40793887,0.1456853
development-167,0.3806312,0.42574775,0.19362101
development-168,0.6463292,0.31151032,0.042160466
development-169,0.57006776,0.32524908,0.104683176
development-170,0.5169615,0.35522267,0.12781584
development-171,0.46215773,0.4804757,0.057366654
development-172,0.66057575,0.330143,0.009281193
development-173,0.68009615,0.24455832,0.07534549
development-174,0.5907214,0.3276134,0.0816652
development-175,0.37041748,0.50349146,0.12609108
development-176,0.45359483,0.51597506,0.03043012
development-177,0.2659815,0.46814746,0.26587102
development-178,0.41600606,0.41766205,0.16633192
development-179,0.6071774,0.36409098,0.028731704
development-180,0.38991448,0.60643196,0.0036535934
development-181,0.43256274,0.4015103,0.16592693
development-182,0.40057036,0.5672254,0.032204315
development-183,0.4607618,0.41350535,0.12573285
development-184,0.34623095,0.5526601,0.101108976
development-185,0.3331142,0.4566012,0.21028453
development-186,0.57114047,0.33948696,0.08937252
development-187,0.5385702,0.3887643,0.07266542
development-188,0.39838034,0.471796,0.12982361
development-189,0.50554746,0.41734877,0.07710384
development-190,0.32868946,0.5140766,0.15723401
development-191,0.52993137,0.18649046,0.2835781
development-192,0.41873273,0.54015434,0.04111292
development-193,0.21020713,0.6762904,0.11350242
development-194,0.508912,0.46527478,0.025813121
development-195,0.47033194,0.4296719,0.09999619
development-196,0.5207937,0.45130247,0.0279038
development-197,0.25806972,0.5537202,0.1882101
development-198,0.07814302,0.91146564,0.010391275
development-199,0.26428592,0.71753836,0.018175708
development-200,0.43716148,0.45437187,0.10846665
development-201,0.4295619,0.45213318,0.11830494
development-202,0.45120746,0.4120491,0.1367434
development-203,0.70618427,0.26501006,0.028805638
development-204,0.3131152,0.55614203,0.13074276
development-205,0.39836362,0.469532,0.13210438
development-206,0.59368795,0.38338226,0.022929814
development-207,0.50167596,0.35123298,0.14709102
development-208,0.28918833,0.576111,0.1347007
development-209,0.40758437,0.36229795,0.23011766
development-210,0.8631612,0.13300079,0.003837926
development-211,0.57362974,0.34197897,0.08439127
development-212,0.546973,0.39196253,0.061064515
development-213,0.4682868,0.5198654,0.011847782
development-214,0.45702586,0.4523595,0.09061456
development-215,0.49697348,0.42436427,0.078662254
development-216,0.493608,0.3600941,0.14629783
development-217,0.7368965,0.20638813,0.056715358
development-218,0.4261847,0.48054823,0.09326709
development-219,0.453952,0.4396184,0.10642959
development-220,0.32244217,0.45014563,0.22741215
development-221,0.50162405,0.4208906,0.07748536
development-222,0.46476838,0.4934972,0.041734412
development-223,0.4579157,0.41812733,0.123957
development-224,0.31944928,0.40413347,0.27641723
development-225,0.51020277,0.4576198,0.03217745
development-226,0.5720403,0.39182833,0.0361313
development-227,0.39081833,0.59339046,0.015791195
development-228,0.34774336,0.57543737,0.076819256
development-229,0.41621575,0.43566975,0.1481145
development-230,0.6495578,0.19366889,0.15677327
development-231,0.52837944,0.3324922,0.13912837
development-232,0.57529056,0.38916722,0.035542164
development-233,0.34092173,0.5230088,0.13606945
development-234,0.47509757,0.36050442,0.164398
development-235,0.29520547,0.45772552,0.24706902
development-236,0.5038802,0.4316887,0.06443114
development-237,0.2484908,0.68632716,0.065182045
development-238,0.47089824,0.4710952,0.058006585
development-239,0.5701406,0.33053085,0.09932853
development-240,0.7138344,0.14682072,0.13934487
development-241,0.27047893,0.5720522,0.15746889
development-242,0.5568005,0.33214408,0.11105544
development-243,0.42756987,0.3216096,0.25082052
development-244,0.56805444,0.35627094,0.07567457
development-245,0.4423969,0.49729148,0.06031163
development-246,0.42451122,0.52890366,0.046585098
development-247,0.41110167,0.58806646,0.00083184184
development-248,0.716573,0.25440243,0.029024571
development-249,0.5804158,0.29154345,0.1280408
development-250,0.4221564,0.36000937,0.21783425
development-251,0.6110534,0.2666213,0.1223253
development-252,0.44718346,0.52280694,0.030009609
development-253,0.5685555,0.35526156,0.07618291
development-254,0.46153703,0.29233068,0.24613225
development-255,0.5602646,0.39880046,0.040934972
development-256,0.49683475,0.29261807,0.21054713
development-257,0.63620436,0.2626289,0.10116677
development-258,0.569972,0.39240196,0.037626065
development-259,0.4180221,0.49906063,0.08291733
development-260,0.22228697,0.5340596,0.24365348
development-261,0.30711216,0.5588578,0.13403006
development-262,0.4484353,0.33578968,0.21577498
development-263,0.42517582,0.37431595,0.20050825
development-264,0.4100764,0.51396585,0.07595767
development-265,0.45264852,0.41118407,0.13616748
development-266,0.5412127,0.38307965,0.07570771
development-267,0.5366522,0.35355026,0.10979754
development-268,0.3192828,0.4610048,0.21971235
development-269,0.53358376,0.40196532,0.06445085
development-270,0.29987577,0.5316374,0.16848688
development-271,0.49699405,0.39119872,0.11180724
development-272,0.5475989,0.38070622,0.07169488
development-273,0.47990918,0.40986538,0.110225454
development-274,0.21984011,0.42673615,0.35342374
development-275,0.41895816,0.5698735,0.01116835
development-276,0.21905269,0.69191694,0.08903035
development-277,0.5801006,0.18134755,0.23855183
development-278,0.4957837,0.38321534,0.12100096
development-279,0.45990166,0.4495252,0.09057312
development-280,0.2494034,0.5061344,0.2444622
development-281,0.43753228,0.33048642,0.23198137
development-282,0.40861592,0.5048728,0.08651134
development-283,0.39338422,0.58381265,0.022803158
development-284,0.58957493,0.3992597,0.011165312
development-285,0.25506908,0.7010745,0.043856468
development-286,0.38292092,0.49855357,0.11852545
development-287,0.521528,0.39541566,0.08305626
development-288,0.4019859,0.5232343,0.074779816
development-289,0.48496386,0.44104353,0.07399258
development-290,0.41919675,0.42153224,0.15927097
development-291,0.13399045,0.8468002,0.019209344
development-292,0.28119853,0.50950885,0.20929265
development-293,0.48202407,0.37469178,0.14328413
development-294,0.48832127,0.2659861,0.24569263
development-295,0.5382806,0.32495305,0.13676628
development-296,0.8173357,0.18202238,0.0006419197
development-297,0.43951625,0.17241248,0.38807133
development-298,0.43096364,0.48707464,0.08196175
development-299,0.54993635,0.42926437,0.020799333
development-300,0.36125597,0.39027813,0.2484659
development-301,0.65026367,0.26223004,0.087506294
development-302,0.48776668,0.41412756,0.09810578
development-303,0.41480842,0.4291821,0.15600947
development-304,0.3958865,0.4665348,0.13757865
development-305,0.29576537,0.659231,0.045003675
development-306,0.74168074,0.20114684,0.057172433
development-307,0.5179207,0.29148576,0.19059359
development-308,0.3097908,0.45425516,0.23595409
development-309,0.39401197,0.4112916,0.1946964
development-310,0.46214452,0.4415013,0.096354134
development-311,0.27019987,0.6707793,0.059020802
development-312,0.6256213,0.27325693,0.10112174
development-313,0.36155587,0.3059484,0.33249575
development-314,0.42515564,0.56028056,0.014563762
development-315,0.4048533,0.497579,0.09756772
development-316,0.38935307,0.52852464,0.08212219
development-317,0.61239964,0.3655513,0.02204902
development-318,0.5079014,0.4137177,0.07838085
development-319,0.6975589,0.28709656,0.015344554
development-320,0.25771475,0.5452946,0.19699061
development-321,0.447694,0.42160308,0.13070296
development-322,0.30361983,0.51455605,0.18182413
development-323,0.62886167,0.34974653,0.021391856
development-324,0.37229887,0.47846606,0.14923507
development-325,0.3556329,0.6008982,0.043468814
development-326,0.4674324,0.47987232,0.05269526
development-327,0.49195504,0.40137675,0.10666817
development-328,0.43943334,0.53977627,0.02079042
development-329,0.44835332,0.46225742,0.08938923
development-330,0.33887732,0.49874797,0.16237476
development-331,0.3727946,0.4243635,0.20284197
development-332,0.33441487,0.44107416,0.224511
development-333,0.28458902,0.6434976,0.07191342
development-334,0.3724437,0.46551082,0.16204548
development-335,0.6083329,0.34767884,0.043988276
development-336,0.30328378,0.41590902,0.2808072
development-337,0.34962097,0.4496531,0.20072594
development-338,0.49045596,0.4996365,0.009907535
development-339,0.28036308,0.55217624,0.16746062
development-340,0.34666163,0.5966247,0.0567137
development-341,0.28138018,0.59169024,0.12692954
development-342,0.6910015,0.25569734,0.053301223
development-343,0.47469532,0.42073068,0.10457405
development-344,0.72684145,0.17397761,0.09918093
development-345,0.4685832,0.45654026,0.074876525
development-346,0.5297567,0.45424286,0.016000442
development-347,0.5983928,0.3694512,0.032156024
development-348,0.49398834,0.34235454,0.16365717
development-349,0.49643892,0.47367737,0.029883755
development-350,0.4168653,0.4835868,0.09954787
development-351,0.32848996,0.5355175,0.13599256
development-352,0.422817,0.4432493,0.1339337
development-353,0.34885892,0.40999854,0.2411426
development-354,0.5320343,0.45424268,0.013723087
development-355,0.20352972,0.54910463,0.24736564
development-356,0.50305146,0.37688544,0.12006303
development-357,0.55178165,0.42161188,0.026606472
development-358,0.46476597,0.40666428,0.12856968
development-359,0.26307577,0.5995148,0.13740943
development-360,0.38471612,0.5474576,0.06782625
development-361,0.4440379,0.36675093,0.18921119
development-362,0.47140923,0.4352659,0.093324885
development-363,0.3998662,0.4448627,0.15527111
development-364,0.41819826,0.48019153,0.10161024
development-365,0.4663474,0.38802475,0.14562786
development-366,0.20436308,0.57662946,0.21900743
development-367,0.29165214,0.4877483,0.22059959
development-368,0.44843522,0.49319264,0.058372118
development-369,0.4860002,0.4328875,0.081112295
development-370,0.4019182,0.42062297,0.17745878
development-371,0.65611756,0.28304192,0.060840555
development-372,0.46033397,0.34674692,0.19291906
development-373,0.42103282,0.4573792,0.12158804
development-374,0.4248646,0.4045545,0.17058097
development-375,0.35574672,0.6087996,0.035453722
development-376,0.37119195,0.5401911,0.08861691
development-377,0.52613235,0.39284706,0.08102065
development-378,0.9507646,0.037250705,0.011984645
development-379,0.5787496,0.351109,0.07014141
development-380,0.62055606,0.26789474,0.11154918
development-381,0.25323084,0.5757318,0.17103733
development-382,0.5218888,0.2765608,0.20155038
development-383,0.49864227,0.37997335,0.12138441
development-384,0.4880882,0.41636768,0.0955441
development-385,0.48740298,0.443618,0.06897901
development-386,0.30655572,0.65306556,0.04037879
development-387,0.40194803,0.46456888,0.13348304
development-388,0.33678338,0.45624688,0.20696968
development-389,0.3764282,0.41650894,0.20706284
development-390,0.5132454,0.42292023,0.06383424
development-391,0.38794178,0.44928724,0.16277102
development-392,0.5950127,0.26934254,0.13564472
development-393,0.4830153,0.428975,0.08800977
development-394,0.41331515,0.38527375,0.20141104
development-395,0.57418925,0.34125108,0.0845597
development-396,0.4783336,0.4684393,0.05322707
development-397,0.54735786,0.44691107,0.005731054
development-398,0.2875257,0.6901548,0.022319412
development-399,0.479237,0.42151603,0.09924701
development-400,0.39219835,0.40785658,0.19994505
development-401,0.40127993,0.48083797,0.11788214
development-402,0.40756568,0.38035312,0.21208115
development-403,0.30784622,0.44861418,0.24353959
development-404,0.4617695,0.37829077,0.1599397
development-405,0.5320202,0.4439807,0.02399906
development-406,0.34574258,0.4986832,0.15557419
development-407,0.48776242,0.3386752,0.17356232
development-408,0.54053587,0.38995147,0.069512665
development-409,0.304191,0.67853713,0.017271876
development-410,0.50767595,0.4038016,0.08852241
development-411,0.33491233,0.6059934,0.059094306
development-412,0.5452226,0.25614643,0.19863096
development-413,0.6115099,0.33560428,0.052885786
development-414,0.43751246,0.53160125,0.030886235
development-415,0.39391935,0.4907242,0.115356445
development-416,0.31619462,0.49892354,0.18488176
development-417,0.53293705,0.3678719,0.09919107
development-418,0.37091634,0.5443409,0.08474266
development-419,0.5140161,0.24783088,0.23815298
development-420,0.5704119,0.37577432,0.05381369
development-421,0.47823188,0.45245224,0.06931586
development-422,0.37922487,0.44344378,0.17733142
development-423,0.34397355,0.4939398,0.16208674
development-424,0.4471176,0.4986655,0.054216944
development-425,0.52804816,0.40183476,0.07011702
development-426,0.38797605,0.58288646,0.029137548
development-427,0.5100043,0.4742151,0.015780604
development-428,0.5558963,0.36479598,0.07930773
development-429,0.40151498,0.45434648,0.14413856
development-430,0.40981972,0.36590597,0.22427428
development-431,0.4368098,0.49277517,0.07041504
development-432,0.4753751,0.35326463,0.17136024
development-433,0.6663964,0.29292083,0.040682867
development-434,0.38907927,0.548284,0.06263668
development-435,0.46407798,0.3086498,0.22727215
development-436,0.37462324,0.36737025,0.25800645
development-437,0.48648098,0.42042044,0.09309862
development-438,0.6119994,0.2812821,0.10671852
development-439,0.89569634,0.097537115,0.00676656
development-440,0.34941518,0.538622,0.11196284
development-441,0.5057509,0.40523705,0.08901199
development-442,0.396586,0.5156918,0.087722145
development-443,0.42994738,0.47640765,0.09364489
development-444,0.5399638,0.4184076,0.041628577
development-445,0.31059408,0.2893715,0.40003443
development-446,0.36490607,0.61883545,0.016258467
development-447,0.50809175,0.36175716,0.13015112
development-448,0.5501685,0.3957196,0.0541119
development-449,0.476513,0.43326646,0.09022046
development-450,0.34454453,0.48220745,0.173248
development-451,0.52357894,0.40771803,0.068703
development-452,0.51680964,0.39778858,0.08540179
development-453,0.3702222,0.5334655,0.096312314
development-454,0.4318315,0.44148472,0.1266838
development-455,0.506306,0.37095168,0.1227423
development-456,0.40834895,0.4260158,0.16563533
development-457,0.34676978,0.3861043,0.267126
development-458,0.6068113,0.26421982,0.12896883
development-459,0.49948698,0.3207872,0.17972587
development-460,0.3480711,0.55989665,0.09203228
development-461,0.36984107,0.5203918,0.10976711
development-462,0.5271376,0.3925015,0.08036092
development-463,0.47140554,0.507265,0.021329552
development-464,0.47776514,0.4221313,0.10010346
development-465,0.3193449,0.485641,0.19501413
development-466,0.44232315,0.42875952,0.12891735
development-467,0.4231231,0.4804731,0.09640384
development-468,0.47374985,0.38936314,0.13688706
development-469,0.4592659,0.47113064,0.06960349
development-470,0.55239624,0.43735185,0.010251964
development-471,0.24462886,0.40513518,0.35023597
development-472,0.48829943,0.46759474,0.044105828
development-473,0.39546663,0.39368758,0.2108458
development-474,0.3696339,0.50145257,0.1289135
development-475,0.62462914,0.20517285,0.17019807
development-476,0.50996655,0.41753858,0.072494924
development-477,0.52172375,0.45417687,0.024099404
development-478,0.4252427,0.5139482,0.06080915
development-479,0.5329548,0.37090284,0.09614243
development-480,0.55740166,0.39108145,0.051516946
development-481,0.35438246,0.57697815,0.06863936
development-482,0.3849527,0.4916471,0.12340022
development-483,0.41511375,0.42322978,0.16165645
development-484,0.55192727,0.28491923,0.16315341
development-485,0.5464518,0.38196895,0.071579285
development-486,0.39661258,0.51870143,0.08468601
development-487,0.25799674,0.6497921,0.092211135
development-488,0.48798436,0.3519139,0.16010171
development-489,0.5370392,0.3524148,0.110546045
development-490,0.24496615,0.70818937,0.046844505
development-491,0.48141813,0.5138067,0.004775165
development-492,0.2854977,0.49280867,0.22169362
development-493,0.35388577,0.5438147,0.10229947
development-494,0.49810869,0.43139932,0.070492096
development-495,0.40518066,0.55887675,0.03594255
development-496,0.4140037,0.45310044,0.13289589
development-497,0.53841037,0.4061061,0.05548357
development-498,0.4931894,0.3786708,0.12813982
development-499,0.562887,0.38294882,0.054164197
development-500,0.33909023,0.4404418,0.22046798
development-501,0.28249276,0.6139038,0.10360344
development-502,0.4412996,0.5105616,0.048138868
development-503,0.5620042,0.33114678,0.10684904
development-504,0.4397657,0.54474634,0.0154880155
development-505,0.44894075,0.54033464,0.010724599
development-506,0.5029684,0.4083238,0.08870778
development-507,0.40273315,0.41554883,0.18171804
development-508,0.3862147,0.5468002,0.06698506
development-509,0.5832419,0.1951222,0.22163598
development-510,0.652889,0.27680936,0.070301704
development-511,0.45805562,0.47051522,0.071429096
development-512,0.34284553,0.6078303,0.04932418
development-513,0.3538416,0.44469005,0.2014684
development-514,0.495066,0.41095465,0.093979314
development-515,0.3348355,0.46495423,0.20021029
development-516,0.5691026,0.37789878,0.052998565
development-517,0.35980958,0.49672055,0.14346984
development-518,0.5354325,0.3944811,0.07008639
development-519,0.5323975,0.16501017,0.30259237
development-520,0.30455258,0.40802443,0.28742296
development-521,0.3410878,0.51058596,0.14832628
development-522,0.54011965,0.35571048,0.10416987
development-523,0.464645,0.41358256,0.121772446
development-524,0.3710429,0.44778684,0.18117025
development-525,0.43982387,0.5502891,0.009887047
development-526,0.6678068,0.3023013,0.0298919
development-527,0.28516662,0.49243027,0.22240312
development-528,0.36591852,0.5466733,0.08740812
development-529,0.2697823,0.52489793,0.20531976
development-530,0.50697345,0.35427266,0.13875395
development-531,0.5280338,0.42854184,0.043424357
development-532,0.41542956,0.45874336,0.1258271
development-533,0.372609,0.47241703,0.154974
development-534,0.45045707,0.47244143,0.077101454
development-535,0.4672643,0.45677015,0.07596556
development-536,0.41271564,0.30397132,0.283313
development-537,0.43366942,0.46038887,0.10594168
development-538,0.45351544,0.29650825,0.2499763
development-539,0.51960045,0.47210252,0.008297045
development-540,0.469671,0.397322,0.13300699
development-541,0.49899945,0.47093505,0.030065563
development-542,0.5471333,0.3649877,0.08787896
development-543,0.48443842,0.34814534,0.16741632
development-544,0.47530243,0.40674353,0.117954
development-545,0.59310234,0.15041444,0.25648317
development-546,0.4234627,0.280464,0.29607332
development-547,0.48744208,0.29896462,0.21359333
development-548,0.36532927,0.47831315,0.15635762
development-549,0.3864712,0.5931755,0.020353371
development-550,0.49125102,0.48151642,0.02723254
development-551,0.41991875,0.5097445,0.07033671
development-552,0.57445365,0.20644817,0.21909818
development-553,0.48281473,0.24318677,0.27399853
development-554,0.52771205,0.34609172,0.12619622
development-555,0.30351603,0.43953267,0.2569513
development-556,0.35729468,0.44210082,0.20060454
development-557,0.5374998,0.38845745,0.07404279
development-558,0.20174913,0.6742093,0.12404157
development-559,0.2861418,0.5260694,0.18778874
development-560,0.6456213,0.26614,0.08823876
development-561,0.52826583,0.38009325,0.0916409
development-562,0.38839617,0.40279648,0.20880732
development-563,0.40432343,0.5555102,0.040166445
development-564,0.7494673,0.20956306,0.040969625
development-565,0.37814862,0.5268725,0.09497883
development-566,0.5301922,0.42388216,0.045925625
development-567,0.31314856,0.60245085,0.08440059
development-568,0.49980167,0.3720259,0.1281724
development-569,0.39899132,0.5084982,0.09251054
development-570,0.6683201,0.3158371,0.01584279
development-571,0.68567014,0.2306831,0.08364671
development-572,0.53390574,0.27466458,0.19142963
development-573,0.48331672,0.33769527,0.17898805
development-574,0.5146944,0.28999245,0.1953132
development-575,0.4145292,0.43923095,0.1462399
development-576,0.5558022,0.30958387,0.13461389
development-577,0.62321216,0.34676185,0.030025976
development-578,0.65241766,0.21386124,0.13372111
development-579,0.5412411,0.390355,0.068403855
development-580,0.34771967,0.5884987,0.06378163
development-581,0.33684984,0.49949634,0.16365384
development-582,0.40340766,0.4909491,0.10564328
development-583,0.4451559,0.40115443,0.15368971
development-584,0.48249772,0.45722073,0.060281474
development-585,0.6687715,0.291782,0.039446525
development-586,0.45623568,0.48512486,0.058639523
development-587,0.51436305,0.3920777,0.09355921
development-588,0.51245123,0.3820273,0.105521485
development-589,0.32637867,0.5460963,0.127525
development-590,0.5180362,0.46009606,0.02186778
development-591,0.2767248,0.6009655,0.12230969
development-592,0.5259107,0.4240972,0.04999212
development-593,0.58103424,0.3200066,0.0989592
development-594,0.2783932,0.36275584,0.358851
development-595,0.47226077,0.4444582,0.083281
development-596,0.46986842,0.46547538,0.06465623
development-597,0.6052509,0.29184034,0.10290879
development-598,0.34945536,0.5570436,0.09350104
development-599,0.3342162,0.33818072,0.32760304
development-600,0.4630224,0.41139272,0.12558484
development-601,0.32879794,0.41806838,0.25313368
development-602,0.40469006,0.50105935,0.09425054
development-603,0.26100665,0.5222264,0.21676698
development-604,0.5964335,0.22219051,0.18137598
development-605,0.20847736,0.5556635,0.2358592
development-606,0.12949134,0.84113234,0.029376289
development-607,0.5176949,0.4102634,0.07204169
development-608,0.27956015,0.41379938,0.30664057
development-609,0.26999268,0.5514122,0.17859504
development-610,0.38205034,0.33560252,0.28234708
development-611,0.20365137,0.77275157,0.023596985
development-612,0.54734045,0.38974106,0.06291841
development-613,0.4591244,0.38069263,0.16018301
development-614,0.45620036,0.34656984,0.19722983
development-615,0.3485419,0.4843449,0.16711321
development-616,0.46896052,0.4238227,0.107216805
development-617,0.346262,0.6186422,0.03509572
development-618,0.42192635,0.43343216,0.14464156
development-619,0.40429747,0.29373664,0.3019659
development-620,0.5230877,0.38093916,0.09597318
development-621,0.39098758,0.53211814,0.07689428
development-622,0.38423812,0.5553463,0.0604156
development-623,0.35074455,0.6176868,0.031568646
development-624,0.24787071,0.50621754,0.24591176
development-625,0.38414827,0.36973503,0.24611664
development-626,0.5063619,0.40758604,0.08605203
development-627,0.30191624,0.48351374,0.21457003
development-628,0.5063832,0.3873633,0.10625359
development-629,0.43983057,0.24799207,0.3121774
development-630,0.57864046,0.36142504,0.059934527
development-631,0.5723118,0.36290514,0.064783
development-632,0.4192936,0.43932393,0.14138241
development-633,0.2799684,0.6398036,0.080228075
development-634,0.4283806,0.46881428,0.10280506
development-635,0.5177797,0.38861087,0.09360944
development-636,0.21265788,0.58616984,0.20117228
development-637,0.46969587,0.44268295,0.08762118
development-638,0.51800686,0.36218497,0.11980813
development-639,0.27841043,0.69983155,0.021758009
development-640,0.44356233,0.53585714,0.020580495
development-641,0.56232387,0.3635392,0.07413686
development-642,0.43337485,0.3937314,0.17289375
development-643,0.40576577,0.5187573,0.075477
development-644,0.5093016,0.39146662,0.09923171
development-645,0.57761085,0.37423557,0.04815363
development-646,0.35902008,0.5443357,0.09664426
development-647,0.5277542,0.42245263,0.049793154
development-648,0.38220045,0.43223786,0.18556169
development-649,0.46854877,0.43862066,0.09283054
development-650,0.5542588,0.36230388,0.083437234
development-651,0.24412583,0.6543471,0.101526946
development-652,0.39424384,0.46875185,0.13700432
development-653,0.3078782,0.5987276,0.093394265
development-654,0.5477175,0.28388944,0.1683931
development-655,0.4302841,0.42393082,0.14578503
development-656,0.48484823,0.36752743,0.1476244
development-657,0.55094945,0.43255574,0.016494894
development-658,0.4384818,0.48532277,0.07619538
development-659,0.51312196,0.37152937,0.11534865
development-660,0.42551816,0.43659592,0.13788593
development-661,0.42213795,0.41662884,0.1612332
development-662,0.46170795,0.44235268,0.09593935
development-663,0.7672891,0.16826673,0.064444214
development-664,0.5234169,0.39810854,0.078474514
development-665,0.20420359,0.5905786,0.20521787
development-666,0.36408585,0.4455773,0.19033691
development-667,0.15427376,0.55967844,0.28604782
development-668,0.42500117,0.4549007,0.120098196
development-669,0.50213146,0.44561663,0.05225193
development-670,0.3448547,0.50547934,0.14966598
development-671,0.021509646,0.9767313,0.0017590268
development-672,0.67346185,0.28246814,0.04407009
development-673,0.48714486,0.4647057,0.048149385
development-674,0.572889,0.2883944,0.13871664
development-675,0.30188528,0.6618712,0.036243506
development-676,0.337197,0.40711418,0.25568885
development-677,0.3925811,0.53260326,0.07481571
development-678,0.38244945,0.4242682,0.1932824
development-679,0.5216189,0.43678063,0.041600473
development-680,0.49876112,0.4281167,0.07312213
development-681,0.6486747,0.33043733,0.02088788
development-682,0.39572015,0.5923516,0.011928232
development-683,0.4274764,0.56415135,0.008372192
development-684,0.37363714,0.4946081,0.13175482
development-685,0.59472877,0.3452997,0.05997151
development-686,0.5291305,0.43560478,0.035264637
development-687,0.5471214,0.39894998,0.05392865
development-688,0.27862874,0.48172754,0.23964368
development-689,0.6854284,0.22458018,0.089991376
development-690,0.39612782,0.56094587,0.042926364
development-691,0.51333153,0.42639008,0.06027838
development-692,0.41001517,0.50408,0.08590485
development-693,0.48757836,0.3641272,0.14829443
development-694,0.49478006,0.31389672,0.19132318
development-695,0.5668684,0.41959888,0.013532737
development-696,0.39773905,0.3759745,0.22628647
development-697,0.6042764,0.3886746,0.007049061
development-698,0.43799478,0.45818087,0.10382435
development-699,0.55929744,0.3399195,0.10078305
development-700,0.38980603,0.472348,0.13784596
development-701,0.5324925,0.32806018,0.13944735
development-702,0.4070397,0.43447697,0.15848328
development-703,0.42979133,0.45599648,0.114212185
development-704,0.3925136,0.5604075,0.047078937
development-705,0.40905425,0.5173842,0.07356158
development-706,0.4941397,0.353785,0.1520753
development-707,0.24271157,0.5204498,0.23683862
development-708,0.51415646,0.38598487,0.099858694
development-709,0.4722256,0.27678543,0.250989
development-710,0.35627988,0.48153913,0.16218105
development-711,0.49485204,0.3342474,0.1709006
development-712,0.5997845,0.2881983,0.112017244
development-713,0.45150864,0.4366059,0.11188545
development-714,0.2754716,0.57946795,0.14506043
development-715,0.46987686,0.4001908,0.12993237
development-716,0.46545547,0.4509997,0.08354487
development-717,0.60214365,0.29797056,0.09988582
development-718,0.5448689,0.35716403,0.09796713
development-719,0.5492148,0.38120648,0.06957876
development-720,0.4102035,0.55933887,0.030457629
development-721,0.43748534,0.40266776,0.15984696
development-722,0.8008303,0.19650823,0.0026614962
development-723,0.5023763,0.44022593,0.057397716
development-724,0.52533793,0.43244064,0.042221393
development-725,0.54000485,0.42353556,0.03645964
development-726,0.4293452,0.4908344,0.079820484
development-727,0.3866975,0.3134038,0.29989877
development-728,0.32373965,0.4839192,0.19234116
development-729,0.8150999,0.11465215,0.07024796
development-730,0.33204353,0.56804734,0.09990907
development-731,0.53551376,0.3436201,0.120866194
development-732,0.4630494,0.4718034,0.06514724
development-733,0.4927431,0.43282908,0.07442783
development-734,0.6123128,0.29871404,0.08897313
development-735,0.5100466,0.42735782,0.06259557
development-736,0.49931142,0.4728063,0.027882256
development-737,0.4584209,0.44325894,0.0983201
development-738,0.56977934,0.37699172,0.053228863
development-739,0.4263482,0.46208,0.11157177
development-740,0.3439975,0.437776,0.21822652
development-741,0.5152338,0.41036594,0.07440026
development-742,0.40540895,0.42253458,0.17205651
development-743,0.38686147,0.4977878,0.11535069
development-744,0.6527944,0.32345742,0.023748232
development-745,0.46291873,0.3685305,0.16855079
development-746,0.56726784,0.30685,0.12588221
development-747,0.4425753,0.4559901,0.10143459
development-748,0.5768937,0.2500039,0.17310241
development-749,0.45352852,0.30393723,0.24253426
development-750,0.20587283,0.5947739,0.19935332
development-751,0.378304,0.4365225,0.18517345
development-752,0.56957924,0.4280086,0.0024122307
development-753,0.40500638,0.47517902,0.119814634
development-754,0.4935463,0.4507542,0.055699494
development-755,0.35932517,0.5133751,0.12729979
development-756,0.41405657,0.51214445,0.07379894
development-757,0.32395464,0.5732682,0.10277719
development-758,0.56203246,0.39735228,0.04061522
development-759,0.42329925,0.42838356,0.14831713
development-760,0.47403476,0.49379373,0.032171614
development-761,0.32141206,0.5225518,0.15603617
development-762,0.38199857,0.5069795,0.1110219
development-763,0.43013057,0.4127491,0.15712042
development-764,0.40880978,0.34089148,0.2502987
development-765,0.44879538,0.4470877,0.1041169
development-766,0.651827,0.3129584,0.035214603
development-767,0.57044965,0.3991207,0.030429672
development-768,0.44971114,0.45029098,0.09999797
development-769,0.46528286,0.3585514,0.17616571
development-770,0.5859987,0.34593,0.06807124
development-771,0.44126508,0.38473776,0.17399718
development-772,0.45418873,0.38021666,0.16559464
development-773,0.4737573,0.5037784,0.02246434
development-774,0.53842306,0.43275583,0.028821098
development-775,0.51007944,0.29405165,0.19586886
development-776,0.24180974,0.6213046,0.1368856
development-777,0.3148901,0.46508673,0.22002313
development-778,0.3442148,0.40164545,0.25413966
development-779,0.40984273,0.5247781,0.06537916
development-780,0.56236285,0.41635302,0.021284116
development-781,0.5091646,0.3371522,0.15368325
development-782,0.5074428,0.37789562,0.11466153
development-783,0.405501,0.4629385,0.13156046
development-784,0.32171214,0.49315622,0.18513168
development-785,0.50808764,0.39057168,0.10134067
development-786,0.36673275,0.48688677,0.14638051
development-787,0.23424038,0.62785995,0.13789964
development-788,0.5176652,0.45095897,0.031375773
development-789,0.48320746,0.42965218,0.08714037
development-790,0.4501767,0.40917382,0.14064959
development-791,0.5134873,0.28998184,0.19653098
development-792,0.44036993,0.52049583,0.03913426
development-793,0.4815278,0.49046138,0.028010853
development-794,0.3207064,0.5156838,0.16360985
development-795,0.3724474,0.32091087,0.30664176
development-796,0.5408951,0.39552584,0.06357909
development-797,0.38518077,0.49259397,0.12222519
development-798,0.4120149,0.32189804,0.26608703
development-799,0.47601354,0.47560757,0.048378978
development-800,0.52018315,0.41003662,0.069780245
development-801,0.46664098,0.4283185,0.10504051
development-802,0.41992563,0.24847943,0.33159494
development-803,0.67692894,0.28466788,0.03840322
development-804,0.2991806,0.38324237,0.31757703
development-805,0.6908819,0.14720152,0.16191661
development-806,0.30885226,0.49814543,0.19300234
development-807,0.55218536,0.39929312,0.048521526
development-808,0.48771292,0.33449966,0.1777874
development-809,0.4302012,0.39613652,0.17366229
development-810,0.4454621,0.46902063,0.08551724
development-811,0.40241838,0.35012713,0.24745442
development-812,0.39759812,0.43637797,0.16602391
development-813,0.48040548,0.41025814,0.10933634
development-814,0.49153563,0.49642435,0.012040063
development-815,0.45998314,0.48369095,0.056325983
development-816,0.55426,0.3863916,0.059348434
development-817,0.42907327,0.3122135,0.25871325
development-818,0.26201537,0.43824646,0.29973817
development-819,0.34116554,0.5097682,0.14906622
development-820,0.3222865,0.53364354,0.14406991
development-821,0.32319525,0.49989858,0.17690618
development-822,0.46137854,0.43054336,0.10807806
development-823,0.51630485,0.41384047,0.0698547
development-824,0.5538174,0.3098156,0.13636701
development-825,0.37370268,0.43133473,0.19496256
development-826,0.4499914,0.45670727,0.09330137
development-827,0.44810596,0.4928673,0.059026733
development-828,0.54976845,0.3747734,0.07545818
development-829,0.6312442,0.2733871,0.09536871
development-830,0.55745685,0.31224778,0.13029544
development-831,0.8653243,0.1262169,0.008458749
development-832,0.5853636,0.37911624,0.035520155
development-833,0.5605119,0.3643027,0.07518547
development-834,0.63241196,0.34710768,0.020480352
development-835,0.24949792,0.64976007,0.10074201
development-836,0.4570127,0.5000303,0.042957045
development-837,0.4400611,0.5260913,0.03384769
development-838,0.43024102,0.4771085,0.092650376
development-839,0.35370335,0.45209986,0.19419678
development-840,0.43085843,0.3844656,0.18467595
development-841,0.68592703,0.20251036,0.111562595
development-842,0.3523547,0.5891206,0.058524735
development-843,0.4621794,0.45492747,0.08289309
development-844,0.5004302,0.3946498,0.10491996
development-845,0.26473796,0.46159336,0.27366868
development-846,0.4547752,0.42199734,0.12322751
development-847,0.38060722,0.4601491,0.15924363
development-848,0.5255538,0.39811823,0.07632794
development-849,0.530236,0.4449649,0.024799092
development-850,0.55808485,0.36728936,0.07462586
development-851,0.50728047,0.4279052,0.06481437
development-852,0.49134913,0.49366304,0.0149877705
development-853,0.5503791,0.4111778,0.038443077
development-854,0.685592,0.19745015,0.11695788
development-855,0.49235034,0.37235466,0.13529499
development-856,0.37893674,0.4793836,0.1416797
development-857,0.36900112,0.39544892,0.23554999
development-858,0.3984493,0.4628251,0.13872565
development-859,0.63489074,0.34849736,0.016611902
development-860,0.58117414,0.31927136,0.09955444
development-861,0.30814865,0.5528138,0.13903758
development-862,0.37225744,0.60498327,0.022759283
development-863,0.32865354,0.38469076,0.28665563
development-864,0.35765305,0.47210258,0.17024438
development-865,0.5655184,0.3819636,0.05251799
development-866,0.5082311,0.43366373,0.058105156
development-867,0.4539116,0.40978268,0.13630569
development-868,0.6410993,0.33064416,0.028256582
development-869,0.5641587,0.42347282,0.012368483
development-870,0.32718968,0.5304412,0.14236909
development-871,0.5554689,0.40286836,0.041662697
development-872,0.51035386,0.35898983,0.13065629
development-873,0.37117216,0.45113137,0.17769642
development-874,0.40176407,0.362187,0.23604892
development-875,0.2796601,0.5678265,0.15251338
development-876,0.4156273,0.46166605,0.122706674
development-877,0.5332968,0.3921675,0.074535705
development-878,0.32055867,0.62691593,0.052525382
development-879,0.53364986,0.34935576,0.116994426
development-880,0.5228449,0.28489515,0.19225998
development-881,0.3512821,0.49342865,0.15528925
development-882,0.3684419,0.45588884,0.17566925
development-883,0.3549797,0.6022632,0.042757083
development-884,0.40003058,0.37818733,0.22178209
development-885,0.33305565,0.42047802,0.24646635
development-886,0.26110908,0.44716236,0.29172856
development-887,0.42000234,0.5480986,0.03189908
development-888,0.5069674,0.3904551,0.10257739
development-889,0.492169,0.47506374,0.032767266
development-890,0.4224125,0.54840386,0.029183662
development-891,0.67564905,0.2533055,0.071045406
development-892,0.46752846,0.4310109,0.10146054
development-893,0.38287765,0.4551169,0.16200545
development-894,0.43047842,0.5219273,0.047594313
development-895,0.41673425,0.49542713,0.08783857
development-896,0.43100503,0.43458998,0.13440494
development-897,0.33674556,0.4557775,0.20747691
development-898,0.39890838,0.55761147,0.04348019
development-899,0.43418598,0.48961988,0.0761942
development-900,0.5137649,0.4567477,0.029487345
development-901,0.4515512,0.4450982,0.10335057
development-902,0.5918605,0.384614,0.023525495
development-903,0.6218203,0.25101256,0.12716708
development-904,0.21430022,0.7534205,0.032279346
development-905,0.5894197,0.31377578,0.09680449
development-906,0.4896501,0.4067104,0.1036395
development-907,0.6414721,0.3242533,0.034274567
development-908,0.49556547,0.4470127,0.057421863
development-909,0.36056557,0.49408925,0.14534514
development-910,0.53062063,0.45288903,0.016490234
development-911,0.27076572,0.6346123,0.094621986
development-912,0.4055974,0.4434864,0.15091614
development-913,0.4478418,0.5343661,0.017792135
development-914,0.42070916,0.44751665,0.13177413
development-915,0.49966192,0.3859063,0.1144318
development-916,0.5235743,0.38662857,0.08979717
development-917,0.5811083,0.27113625,0.14775547
development-918,0.33143607,0.43806857,0.2304954
development-919,0.49272242,0.46730146,0.03997617
development-920,0.46061075,0.34076437,0.19862488
development-921,0.47644272,0.49478385,0.028773393
development-922,0.48620576,0.28925988,0.22453435
development-923,0.4237951,0.374146,0.20205894
development-924,0.39769018,0.50115883,0.101150975
development-925,0.525768,0.42219087,0.052041195
development-926,0.57152504,0.27147478,0.15700024
development-927,0.47859946,0.48695955,0.03444097
development-928,0.5307359,0.41351852,0.055745594
development-929,0.62266994,0.2729597,0.10437027
development-930,0.31135607,0.64603007,0.04261388
development-931,0.39864543,0.5512927,0.0500619
development-932,0.5525321,0.41556704,0.031900864
development-933,0.56952924,0.3846885,0.045782298
development-934,0.45736876,0.39215127,0.15047994
development-935,0.39845133,0.43192136,0.1696273
development-936,0.49544787,0.47372788,0.030824238
development-937,0.46180305,0.39490214,0.14329474
development-938,0.27934745,0.47386083,0.24679169
development-939,0.5398448,0.3836163,0.07653892
development-940,0.27519643,0.5381486,0.18665504
development-941,0.50656533,0.4793667,0.01406799
development-942,0.3709055,0.29228297,0.33681154
development-943,0.38929203,0.4202886,0.19041939
development-944,0.45761678,0.4233937,0.118989535
development-945,0.45634383,0.4075505,0.13610575
development-946,0.52229744,0.42060426,0.057098348
development-947,0.47334898,0.4743595,0.052291505
development-948,0.5697892,0.13532403,0.29488674
development-949,0.5948637,0.37741286,0.027723474
development-950,0.4776906,0.46820563,0.054103713
development-951,0.49893197,0.41471854,0.0863495
development-952,0.32140556,0.5541533,0.12444117
development-953,0.4228919,0.39379013,0.18331793
development-954,0.34283575,0.5412119,0.11595234
development-955,0.44070247,0.5338734,0.025424171
development-956,0.56863266,0.27264947,0.15871786
development-957,0.42992663,0.42049566,0.14957775
development-958,0.32453784,0.60362744,0.07183476
development-959,0.6267909,0.30827338,0.06493566
development-960,0.5554221,0.35582927,0.08874865
development-961,0.43706387,0.45403847,0.10889768
development-962,0.6412283,0.32576397,0.033007722
development-963,0.58543926,0.39662308,0.01793766
development-964,0.5504808,0.33596042,0.11355876
development-965,0.5495709,0.37195602,0.078472994
development-966,0.36517155,0.50606686,0.1287615
development-967,0.7207121,0.12717675,0.15211114
development-968,0.47663528,0.44520333,0.07816142
development-969,0.3546237,0.45526662,0.19010969
development-970,0.42085493,0.47410598,0.10503907
development-971,0.4424759,0.30905792,0.24846624
development-972,0.4828706,0.24674268,0.27038673
development-973,0.51053876,0.45621005,0.033251237
development-974,0.41804442,0.4681985,0.113757074
development-975,0.4842563,0.38771778,0.12802592
development-976,0.50892127,0.39102554,0.10005323
development-977,0.59647137,0.3765462,0.026982427
development-978,0.22577098,0.47801077,0.29621828
development-979,0.6771222,0.3038741,0.019003775
development-980,0.52118814,0.39906883,0.07974298
development-981,0.47666338,0.46582758,0.05750902
development-982,0.39697394,0.4387802,0.16424584
development-983,0.78717804,0.17001472,0.04280725
development-984,0.44279316,0.45966572,0.09754116
development-985,0.52343005,0.39011642,0.08645359
development-986,0.5101428,0.4336325,0.05622475
development-987,0.56600773,0.36948362,0.06450865
development-988,0.22134048,0.29826233,0.4803972
development-989,0.47256583,0.2535372,0.273897
development-990,0.43542728,0.51488996,0.04968273
development-991,0.5044587,0.30858535,0.18695594
development-992,0.50832236,0.40517446,0.08650321
development-993,0.5545002,0.29824483,0.14725502
development-994,0.27579865,0.5853432,0.13885812
development-995,0.5877688,0.305745,0.106486194
development-996,0.46449265,0.40855733,0.12695009
development-997,0.42734912,0.4773107,0.09534016
development-998,0.59942406,0.32571372,0.07486228
development-999,0.5400606,0.21901013,0.24092929
development-1000,0.36072195,0.5362814,0.10299667
development-1001,0.41222516,0.4775181,0.110256754
development-1002,0.49967837,0.42983818,0.07048342
development-1003,0.2959708,0.4979745,0.20605469
development-1004,0.5196926,0.4519293,0.02837813
development-1005,0.52002627,0.4077819,0.07219172
development-1006,0.5151673,0.4582593,0.0265734
development-1007,0.5529911,0.34396595,0.10304296
development-1008,0.44613525,0.52471906,0.029145736
development-1009,0.27831507,0.6647309,0.05695413
development-1010,0.64289176,0.3399618,0.01714651
development-1011,0.74236715,0.24098884,0.016644023
development-1012,0.3699761,0.5948345,0.035189357
development-1013,0.3037766,0.5811852,0.115038164
development-1014,0.507746,0.4016582,0.09059588
development-1015,0.3902959,0.33271158,0.27699253
development-1016,0.19621095,0.53780705,0.265982
development-1017,0.49949178,0.42130572,0.07920248
development-1018,0.45053816,0.35748637,0.19197552
development-1019,0.43574253,0.42396975,0.14028777
development-1020,0.49179244,0.41785648,0.09035106
development-1021,0.54214233,0.29850405,0.15935361
development-1022,0.5083193,0.34802216,0.14365853
development-1023,0.48585123,0.4971297,0.017019032
development-1024,0.45962813,0.36372626,0.17664564
development-1025,0.56377846,0.40310177,0.03311967
development-1026,0.523185,0.31532097,0.16149403
development-1027,0.17474033,0.4736091,0.3516506
development-1028,0.5120387,0.40853497,0.079426296
development-1029,0.5317138,0.31423506,0.15405114
development-1030,0.46530816,0.3696009,0.16509102
development-1031,0.46948183,0.38955995,0.1409582
development-1032,0.536523,0.38949558,0.07398147
development-1033,0.48045278,0.4880838,0.031463407
development-1034,0.45138332,0.49808288,0.050533738
development-1035,0.48340422,0.4216681,0.09492773
development-1036,0.4682836,0.49432698,0.037389334
development-1037,0.5030075,0.37356812,0.123424456
development-1038,0.2444188,0.5131641,0.24241713
development-1039,0.5007835,0.40689325,0.09232326
development-1040,0.43509635,0.54315907,0.021744506
development-1041,0.34055027,0.65193737,0.007512408
development-1042,0.19960578,0.48918784,0.31120637
development-1043,0.48292845,0.38001212,0.13705942
development-1044,0.5197211,0.34062114,0.13965781
development-1045,0.6400584,0.28557357,0.0743681
development-1046,0.36796346,0.46030697,0.17172948
development-1047,0.59189343,0.39946464,0.008641972
development-1048,0.51209116,0.45355734,0.034351487
development-1049,0.45654744,0.39343163,0.15002084
development-1050,0.34998283,0.56839293,0.08162428
development-1051,0.48673087,0.45516118,0.05810792
development-1052,0.3830972,0.4532889,0.1636138
development-1053,0.4190558,0.47610846,0.10483571
development-1054,0.39370203,0.48473868,0.121559314
development-1055,0.3987324,0.54035527,0.06091239
development-1056,0.63169944,0.22327654,0.14502406
development-1057,0.4521524,0.43338507,0.114462525
development-1058,0.4907044,0.3915562,0.11773939
development-1059,0.39309922,0.4905515,0.116349265
development-1060,0.42775837,0.37408614,0.19815546
development-1061,0.56857795,0.39487118,0.036550935
development-1062,0.46543834,0.40187928,0.13268243
development-1063,0.52153623,0.4628621,0.015601628
development-1064,0.51532817,0.4406915,0.04398035
development-1065,0.4260306,0.42213267,0.15183675
development-1066,0.47549534,0.4096712,0.11483343
development-1067,0.41530412,0.46016812,0.12452772
development-1068,0.4975015,0.45549938,0.04699909
development-1069,0.22725049,0.67243356,0.10031586
development-1070,0.4759403,0.437326,0.08673369
development-1071,0.5614403,0.30457905,0.13398065
development-1072,0.4723496,0.32881498,0.19883539
development-1073,0.55027425,0.38923237,0.0604934
development-1074,0.49189007,0.18677415,0.3213358
development-1075,0.30729482,0.5735338,0.119171456
development-1076,0.28723916,0.5742296,0.13853125
development-1077,0.3573368,0.48958477,0.15307839
development-1078,0.49843374,0.37437302,0.12719315
development-1079,0.38922566,0.511737,0.09903734
development-1080,0.4753115,0.42042482,0.104263686
development-1081,0.4397587,0.50091773,0.059323568
development-1082,0.5029196,0.30006826,0.19701214
development-1083,0.5138254,0.41002297,0.07615161
development-1084,0.24133185,0.6996124,0.059055757
development-1085,0.33250833,0.57686126,0.09063041
development-1086,0.46225393,0.48517236,0.052573714
development-1087,0.07928781,0.71472675,0.20598546
development-1088,0.52165276,0.33636063,0.14198661
development-1089,0.3662302,0.5452478,0.08852211
development-1090,0.3972551,0.38609937,0.21664555
development-1091,0.44341248,0.42977327,0.12681434
development-1092,0.56499916,0.37849763,0.056503195
development-1093,0.5216756,0.4302084,0.048115984
development-1094,0.3806313,0.5713333,0.048035476
development-1095,0.5083879,0.37998867,0.111623384
development-1096,0.5950506,0.33439475,0.07055469
development-1097,0.39469793,0.46401623,0.14128584
development-1098,0.41746342,0.2238832,0.3586534
development-1099,0.41806802,0.27637023,0.30556172
development-1100,0.4949876,0.4270302,0.07798222
development-1101,0.40773833,0.5392571,0.053004615
development-1102,0.49154103,0.37486708,0.13359186
development-1103,0.43634048,0.40630648,0.15735301
development-1104,0.50982726,0.29093736,0.19923538
development-1105,0.505703,0.3417462,0.15255082
development-1106,0.28241664,0.5334811,0.18410231
development-1107,0.3308545,0.45481643,0.21432903
development-1108,0.94350165,0.051664874,0.004833459
development-1109,0.35748234,0.46768025,0.17483741
development-1110,0.27208278,0.46022317,0.26769403
development-1111,0.51915383,0.39814106,0.08270512
development-1112,0.34296906,0.39386877,0.26316217
development-1113,0.50933665,0.3592064,0.13145694
development-1114,0.21384333,0.78010035,0.0060563213
development-1115,0.4405818,0.5095147,0.04990355
development-1116,0.5541799,0.35441864,0.09140148
development-1117,0.4131487,0.34471282,0.2421385
development-1118,0.23377073,0.645581,0.12064822
development-1119,0.3948236,0.5302738,0.07490262
development-1120,0.42518032,0.32119423,0.25362548
development-1121,0.3707028,0.49898797,0.13030927
development-1122,0.4572883,0.41635466,0.12635708
development-1123,0.60462755,0.31038287,0.08498955
development-1124,0.5515251,0.3898159,0.05865889
development-1125,0.49135786,0.3954514,0.11319072
development-1126,0.35238615,0.6059584,0.04165541
development-1127,0.57044464,0.35358334,0.07597195
development-1128,0.41566643,0.5569836,0.027349966
development-1129,0.50504464,0.37350002,0.12145537
development-1130,0.41665477,0.4341128,0.14923243
development-1131,0.5086322,0.3060542,0.18531363
development-1132,0.44753823,0.53012794,0.022333868
development-1133,0.4837592,0.49652013,0.019720735
development-1134,0.48907757,0.35250613,0.15841624
development-1135,0.3983831,0.53796715,0.063649714
development-1136,0.44681007,0.3904717,0.16271822
development-1137,0.34770587,0.592819,0.059475124
development-1138,0.4677188,0.5278989,0.0043822313
development-1139,0.620898,0.3181162,0.060985863
development-1140,0.54449564,0.3723843,0.0831201
development-1141,0.4512588,0.40562013,0.14312108
development-1142,0.48949957,0.49342856,0.017071841
development-1143,0.43717396,0.5335057,0.029320356
development-1144,0.5290329,0.46344164,0.007525465
development-1145,0.40319622,0.5020003,0.09480351
development-1146,0.42034113,0.49844727,0.08121161
development-1147,0.4309336,0.5355853,0.033481054
development-1148,0.54665846,0.42470086,0.028640682
development-1149,0.5333538,0.43322143,0.03342479
development-1150,0.36156496,0.44206795,0.19636707
development-1151,0.59127253,0.36907178,0.03965566
development-1152,0.48772487,0.3703371,0.14193803
development-1153,0.27950156,0.5263359,0.19416255
development-1154,0.4721479,0.40681204,0.12103998
development-1155,0.49747354,0.45646194,0.04606446
development-1156,0.29421762,0.39711717,0.30866522
development-1157,0.34970596,0.52625257,0.12404146
development-1158,0.32274944,0.49519148,0.18205917
development-1159,0.5312636,0.41517392,0.053562477
development-1160,0.47439393,0.47889286,0.046713177
development-1161,0.45664507,0.4092431,0.13411188
development-1162,0.36951143,0.40686867,0.22361986
development-1163,0.3109108,0.50503826,0.18405102
development-1164,0.55375844,0.41173318,0.03450841
development-1165,0.41039225,0.3743305,0.21527721
development-1166,0.6331486,0.17371848,0.19313285
development-1167,0.37199342,0.48137534,0.14663123
development-1168,0.45481724,0.44130862,0.10387417
development-1169,0.2869709,0.51064026,0.20238887
development-1170,0.46825454,0.3978576,0.13388786
development-1171,0.4609782,0.33223745,0.20678435
development-1172,0.36377037,0.48682866,0.14940095
development-1173,0.30203465,0.3889562,0.3090091
development-1174,0.43035963,0.362523,0.20711744
development-1175,0.53576714,0.43144917,0.032783687
development-1176,0.5028315,0.4710623,0.02610612
development-1177,0.34587497,0.52436537,0.12975973
development-1178,0.50982136,0.4277846,0.062394008
development-1179,0.46229565,0.33342016,0.20428419
development-1180,0.5240058,0.4212876,0.05470665
development-1181,0.39444405,0.47750962,0.12804633
development-1182,0.2577482,0.64592654,0.09632523
development-1183,0.42471385,0.48582146,0.08946462
development-1184,0.15843673,0.8212758,0.020287542
development-1185,0.39935848,0.42735305,0.17328848
development-1186,0.42806473,0.43178153,0.1401537
development-1187,0.25801545,0.63579106,0.10619344
development-1188,0.5157752,0.38734537,0.096879385
development-1189,0.57464844,0.37146264,0.053888977
development-1190,0.3508314,0.56679076,0.08237783
development-1191,0.554125,0.35626528,0.08960975
development-1192,0.41280863,0.4179348,0.16925655
development-1193,0.43888885,0.44259015,0.11852108
development-1194,0.39987028,0.57759535,0.02253438
development-1195,0.442552,0.52231896,0.03512901
development-1196,0.46401778,0.49062175,0.045360435
development-1197,0.4736367,0.4932505,0.03311288
development-1198,0.44712558,0.40678662,0.14608778
development-1199,0.44061783,0.41002828,0.14935394
development-1200,0.54922706,0.2734315,0.1773415
development-1201,0.26818496,0.5788743,0.1529408
development-1202,0.49219978,0.43814957,0.0696506
development-1203,0.5119774,0.3592258,0.12879682
development-1204,0.4114711,0.53087,0.05765882
development-1205,0.40180033,0.3464882,0.2517114
development-1206,0.5758454,0.3402172,0.083937444
development-1207,0.27102768,0.71544534,0.013527077
development-1208,0.52883726,0.45966265,0.011500137
development-1209,0.4796056,0.42965016,0.09074421
development-1210,0.6000514,0.35930285,0.040645756
development-1211,0.5556884,0.3292984,0.11501325
development-1212,0.5343333,0.41614997,0.049516734
development-1213,0.47381055,0.4912836,0.03490594
development-1214,0.5477326,0.38526157,0.06700582
development-1215,0.43182823,0.5247283,0.043443434
development-1216,0.5308659,0.4289912,0.040142853
development-1217,0.30426756,0.23962794,0.4561045
development-1218,0.7743988,0.13187768,0.0937235
development-1219,0.5759517,0.36508414,0.05896414
development-1220,0.50380486,0.44288,0.05331513
development-1221,0.5312513,0.37691256,0.09183612
development-1222,0.46652368,0.36797708,0.1654992
development-1223,0.3070944,0.682604,0.010301533
development-1224,0.31056497,0.58549225,0.10394278
development-1225,0.54676735,0.396746,0.056486614
development-1226,0.4645375,0.38574454,0.14971802
development-1227,0.5164177,0.41522726,0.068355046
development-1228,0.3701443,0.48827797,0.14157775
development-1229,0.23501572,0.5872037,0.17778054
development-1230,0.46685573,0.48239565,0.050748684
development-1231,0.52474797,0.43059108,0.044660926
development-1232,0.2825544,0.5565074,0.16093826
development-1233,0.5575196,0.36715135,0.07532907
development-1234,0.43379462,0.5007388,0.06546659
development-1235,0.5585251,0.3331835,0.10829144
development-1236,0.37208274,0.53664404,0.09127323
development-1237,0.50253844,0.42691532,0.07054626
development-1238,0.51233375,0.4767208,0.010945477
development-1239,0.40604857,0.3866659,0.20728557
development-1240,0.53324753,0.3554703,0.11128215
development-1241,0.61666036,0.32288116,0.060458504
development-1242,0.5173011,0.44122404,0.041474883
development-1243,0.3395766,0.46181232,0.198611
development-1244,0.67967564,0.16225478,0.15806963
development-1245,0.3208128,0.48250645,0.1966808
development-1246,0.38366863,0.5620288,0.05430259
development-1247,0.5085794,0.36222082,0.12919977
development-1248,0.55344063,0.3987578,0.047801565
development-1249,0.3385126,0.5035638,0.15792358
development-1250,0.44856974,0.22818308,0.32324722
development-1251,0.4090386,0.5756001,0.015361317
development-1252,0.4175838,0.52934575,0.053070445
development-1253,0.24455425,0.5964291,0.15901664
development-1254,0.48797032,0.44325656,0.06877311
development-1255,0.4416473,0.5050295,0.05332314
development-1256,0.28905833,0.56959206,0.14134957
development-1257,0.50836945,0.47991255,0.0117180245
development-1258,0.60323,0.38421693,0.012553066
development-1259,0.472925,0.36482942,0.16224556
development-1260,0.3798002,0.4038629,0.21633689
development-1261,0.55032814,0.41613814,0.0335337
development-1262,0.36768344,0.45679677,0.17551982
development-1263,0.51594126,0.37182304,0.1122357
development-1264,0.41821644,0.48742402,0.09435954
development-1265,0.40580195,0.10567532,0.48852274
development-1266,0.4738081,0.5007178,0.02547405
development-1267,0.4100125,0.39771107,0.19227645
development-1268,0.53137344,0.43052873,0.03809778
development-1269,0.48822802,0.3931646,0.118607365
development-1270,0.5490317,0.30733278,0.14363554
development-1271,0.5272683,0.39740393,0.07532779
development-1272,0.5016759,0.44034737,0.057976656
development-1273,0.54942805,0.38148847,0.06908347
development-1274,0.523358,0.24810475,0.22853728
development-1275,0.6222405,0.3281977,0.049561802
development-1276,0.5574518,0.31068644,0.1318617
development-1277,0.594988,0.34124985,0.063762076
development-1278,0.3649287,0.42088562,0.21418568
development-1279,0.49260113,0.3805546,0.12684424
development-1280,0.5657787,0.3033077,0.1309136
development-1281,0.4582,0.47320512,0.068594895
development-1282,0.37260187,0.4617057,0.16569239
development-1283,0.3141692,0.51854587,0.16728501
development-1284,0.52759403,0.41680962,0.05559634
development-1285,0.49453568,0.46004766,0.045416616
development-1286,0.4728826,0.36277732,0.16434014
development-1287,0.37211066,0.44237134,0.18551804
development-1288,0.6923468,0.22278124,0.084871955
development-1289,0.4814634,0.46658322,0.051953305
development-1290,0.513488,0.32854134,0.15797067
development-1291,0.45323253,0.38641292,0.16035455
development-1292,0.68069535,0.29231754,0.026987147
development-1293,0.4967539,0.42077237,0.08247364
development-1294,0.44503835,0.30359074,0.25137088
development-1295,0.5292753,0.3329551,0.13776961
development-1296,0.39777103,0.50258183,0.099647194
development-1297,0.39652625,0.5237718,0.079701945
development-1298,0.38959628,0.39049324,0.21991047
development-1299,0.3890777,0.5065672,0.10435515
development-1300,0.4083058,0.4747673,0.11692686
development-1301,0.5249503,0.38307127,0.09197845
development-1302,0.37788773,0.523431,0.0986813
development-1303,0.652198,0.26093882,0.08686319
development-1304,0.29569128,0.666713,0.03759574
development-1305,0.66261095,0.26338795,0.07400119
development-1306,0.7428262,0.15529417,0.10187956
development-1307,0.58453846,0.39176142,0.02370013
development-1308,0.24469951,0.69783175,0.057468735
development-1309,0.46719974,0.44567406,0.087126106
development-1310,0.45935017,0.37918344,0.16146639
development-1311,0.4010784,0.4786388,0.120282784
development-1312,0.51438564,0.12202976,0.3635846
development-1313,0.54660165,0.33896124,0.11443704
development-1314,0.6742927,0.13491397,0.19079342
development-1315,0.31975237,0.6074577,0.0727899
development-1316,0.27143332,0.57994914,0.14861758
development-1317,0.3302799,0.4509864,0.21873365
development-1318,0.56720275,0.40064988,0.03214737
development-1319,0.47895065,0.3875506,0.13349876
development-1320,0.43378207,0.5116799,0.054538038
development-1321,0.32844427,0.61482924,0.056726422
development-1322,0.56513333,0.2669684,0.16789824
development-1323,0.30057538,0.36455762,0.33486694
development-1324,0.5170764,0.41006088,0.07286271
development-1325,0.5522559,0.32264453,0.12509955
development-1326,0.50838536,0.4210357,0.070578896
development-1327,0.63060516,0.25316408,0.11623072
development-1328,0.4713032,0.4643214,0.0643754
development-1329,0.50097704,0.38851735,0.11050559
development-1330,0.51293355,0.3470447,0.14002179
development-1331,0.445773,0.46316418,0.09106274
development-1332,0.4583599,0.42042443,0.121215686
development-1333,0.50977194,0.4580256,0.03220247
development-1334,0.44019616,0.4190818,0.14072202
development-1335,0.45478237,0.43711647,0.108101204
development-1336,0.2821413,0.52814335,0.18971536
development-1337,0.37481967,0.49879432,0.12638608
development-1338,0.42339718,0.5083493,0.0682535
development-1339,0.2625385,0.53211683,0.20534459
development-1340,0.575805,0.42371902,0.0004759508
development-1341,0.47169742,0.27931413,0.24898843
development-1342,0.34174177,0.5383986,0.11985969
development-1343,0.3124213,0.45447248,0.2331062
development-1344,0.5910497,0.35329488,0.05565545
development-1345,0.34435436,0.5462746,0.10937101
development-1346,0.46624994,0.41105282,0.12269731
development-1347,0.308763,0.499831,0.19140603
development-1348,0.55056715,0.34020513,0.10922767
development-1349,0.6911379,0.25783047,0.051031638
development-1350,0.20975922,0.7283258,0.061914966
development-1351,0.5092082,0.342355,0.14843681
development-1352,0.5077662,0.36465767,0.1275761
development-1353,0.4003924,0.4623079,0.13729967
development-1354,0.42995286,0.42612326,0.14392392
development-1355,0.33247408,0.5015438,0.16598211
development-1356,0.48067877,0.40628707,0.11303427
development-1357,0.24027297,0.66357726,0.09614973
development-1358,0.54485273,0.42969114,0.025456097
development-1359,0.40201148,0.5488961,0.049092386
development-1360,0.46332118,0.41003105,0.12664782
development-1361,0.7157098,0.25888264,0.025407426
development-1362,0.4039944,0.42905366,0.16695194
development-1363,0.4791127,0.4548782,0.06600904
development-1364,0.3909177,0.48575297,0.123329364
development-1365,0.43361223,0.51019585,0.05619193
development-1366,0.48841733,0.389167,0.12241567
development-1367,0.26810843,0.54760844,0.18428321
development-1368,0.3729012,0.51387244,0.11322633
development-1369,0.39091375,0.44168642,0.16739987
development-1370,0.38579425,0.5435103,0.07069543
development-1371,0.4458459,0.4261786,0.12797552
development-1372,0.29552835,0.48990092,0.21457075
development-1373,0.5521766,0.29883632,0.14898703
development-1374,0.5183385,0.41928574,0.062375713
development-1375,0.32041407,0.41234943,0.26723647
development-1376,0.46118525,0.37561166,0.1632031
development-1377,0.4573061,0.41619432,0.12649952
development-1378,0.3716503,0.386469,0.24188069
development-1379,0.27004045,0.5841675,0.14579208
development-1380,0.3818916,0.41623864,0.20186977
development-1381,0.40700492,0.52730274,0.065692276
development-1382,0.49385837,0.15553929,0.35060236
development-1383,0.28083783,0.53514177,0.1840204
development-1384,0.369802,0.41091022,0.21928777
development-1385,0.2956551,0.6458673,0.058477633
development-1386,0.5394,0.31278923,0.14781079
development-1387,0.43666127,0.5118028,0.051535897
development-1388,0.3721259,0.5700362,0.0578379
development-1389,0.5069074,0.41410494,0.07898762
development-1390,0.4142854,0.54617566,0.039538953
development-1391,0.4340317,0.47733146,0.088636845
development-1392,0.3883943,0.55441463,0.05719103
development-1393,0.53204274,0.39356768,0.07438955
development-1394,0.34205806,0.59009695,0.06784496
development-1395,0.31780562,0.59026456,0.0919299
development-1396,0.39606917,0.2825502,0.3213807
development-1397,0.4765601,0.49158096,0.031858973
development-1398,0.7177416,0.2544134,0.027844928
development-1399,0.39650446,0.47901914,0.124476366
development-1400,0.25575453,0.69932604,0.044919502
development-1401,0.57229716,0.28926477,0.13843805
development-1402,0.612299,0.2643317,0.123369224
development-1403,0.55554795,0.4258372,0.018614832
development-1404,0.5473534,0.23904417,0.21360242
development-1405,0.48081633,0.21685849,0.30232516
development-1406,0.38784072,0.57687134,0.035287943
development-1407,0.64754313,0.31749275,0.03496416
development-1408,0.4552224,0.4819968,0.06278081
development-1409,0.40211204,0.46864656,0.12924145
development-1410,0.4828364,0.19146754,0.325696
development-1411,0.4218565,0.45857286,0.11957067
development-1412,0.44601306,0.26725227,0.28673473
development-1413,0.42791194,0.3193876,0.2527005
development-1414,0.47500843,0.44425568,0.08073584
development-1415,0.5119817,0.38832062,0.09969764
development-1416,0.5706728,0.32920742,0.10011981
development-1417,0.4993161,0.4053984,0.09528556
development-1418,0.52195585,0.4308548,0.047189392
development-1419,0.41191766,0.45896983,0.12911256
development-1420,0.36123866,0.60694444,0.031816863
development-1421,0.3466716,0.61875683,0.03457163
development-1422,0.41524565,0.4010068,0.18374765
development-1423,0.4671482,0.43324724,0.09960456
development-1424,0.4798588,0.48619577,0.033945408
development-1425,0.46417856,0.4322553,0.103566095
development-1426,0.39516947,0.5885193,0.016311247
development-1427,0.28114343,0.63569397,0.08316265
development-1428,0.41228634,0.47916928,0.108544394
development-1429,0.4815495,0.47980013,0.038650338
development-1430,0.5051184,0.43941352,0.055468075
development-1431,0.58286345,0.36496323,0.05217331
development-1432,0.45607665,0.47936413,0.06455927
development-1433,0.6091307,0.3534795,0.037389804
development-1434,0.45613322,0.39900842,0.1448584
development-1435,0.27447265,0.5190642,0.20646313
development-1436,0.51935405,0.399055,0.08159093
development-1437,0.29779547,0.6858874,0.0163171
development-1438,0.4153377,0.4848684,0.099793844
development-1439,0.43445545,0.46701786,0.09852666
development-1440,0.6065005,0.3276833,0.06581623
development-1441,0.45308957,0.3557989,0.19111156
development-1442,0.357217,0.11351736,0.5292656
development-1443,0.34328705,0.5525211,0.10419175
development-1444,0.41707173,0.57778835,0.005139914
development-1445,0.49802306,0.4750395,0.026937446
development-1446,0.4198746,0.5081103,0.07201512
development-1447,0.47610992,0.4601377,0.06375235
development-1448,0.42080086,0.38978285,0.18941629
development-1449,0.62913907,0.2002323,0.17062864
development-1450,0.1564591,0.7446602,0.098880656
development-1451,0.56417423,0.43176302,0.004062737
development-1452,0.39707604,0.39459196,0.20833203
development-1453,0.4734,0.4054008,0.12119916
development-1454,0.5090942,0.3384936,0.15241218
development-1455,0.3777908,0.5398559,0.08235329
development-1456,0.4150228,0.5548561,0.030121146
development-1457,0.6610193,0.15903836,0.1799423
development-1458,0.555008,0.3557689,0.089223124
development-1459,0.4175524,0.41431883,0.16812871
development-1460,0.48865524,0.32862207,0.18272264
development-1461,0.5082168,0.30000156,0.19178161
development-1462,0.4612865,0.2802207,0.25849286
development-1463,0.3772212,0.4438361,0.17894274
development-1464,0.37160957,0.4112621,0.21712835
development-1465,0.48701757,0.33645755,0.17652494
development-1466,0.5158041,0.31293726,0.17125863
development-1467,0.36577183,0.3181202,0.316108
development-1468,0.5251723,0.31055024,0.16427739
development-1469,0.5094273,0.2999518,0.19062094
development-1470,0.59221125,0.26447362,0.14331514
development-1471,0.45171657,0.37385648,0.17442693
development-1472,0.43465063,0.3102486,0.2551007
development-1473,0.57734376,0.3133153,0.10934092
development-1474,0.29070655,0.43772718,0.2715663
development-1475,0.5239338,0.3295391,0.14652702
development-1476,0.2462739,0.49854833,0.25517777
development-1477,0.35795763,0.4911981,0.15084423
development-1478,0.27688426,0.6593382,0.06377756
development-1479,0.3589669,0.5169304,0.12410275
development-1480,0.78939575,0.15135966,0.059244577
development-1481,0.5324271,0.3655825,0.10199043
development-1482,0.6475314,0.28844902,0.06401955
development-1483,0.48058668,0.5063724,0.013040901
development-1484,0.42532605,0.50396365,0.070710294
development-1485,0.34672388,0.6297775,0.02349866
development-1486,0.4617072,0.4931555,0.045137264
development-1487,0.5084728,0.4391172,0.05240993
development-1488,0.5386972,0.34137845,0.11992438
development-1489,0.3590798,0.42030758,0.22061262
development-1490,0.48548225,0.4714409,0.043076877
development-1491,0.4709869,0.4670431,0.061970033
development-1492,0.40745953,0.57583696,0.016703548
development-1493,0.3591379,0.52109504,0.11976714
development-1494,0.3854656,0.41777697,0.19675751
development-1495,0.5192923,0.39466092,0.08604674
development-1496,0.5754091,0.2961045,0.1284864
development-1497,0.4743308,0.37655544,0.1491138
development-1498,0.53798205,0.37623915,0.085778736
development-1499,0.41356584,0.29028976,0.29614443
development-1500,0.34085798,0.48301318,0.17612875
development-1501,0.5505755,0.3863475,0.063077085
development-1502,0.52930784,0.3930931,0.07759906
development-1503,0.38562357,0.60475296,0.009623432
development-1504,0.6055837,0.32176664,0.072649665
development-1505,0.48177442,0.5128478,0.0053777485
development-1506,0.4650264,0.40201095,0.13296264
development-1507,0.71262527,0.17495382,0.112420954
development-1508,0.38251242,0.58816946,0.029318046
development-1509,0.5046424,0.3720639,0.123293675
development-1510,0.5303543,0.33403173,0.13561395
development-1511,0.4760396,0.40502626,0.11893419
development-1512,0.78515226,0.19878972,0.016058022
development-1513,0.5267628,0.36879236,0.10444477
development-1514,0.4159274,0.51626575,0.06780689
development-1515,0.31927472,0.5379047,0.14282055
development-1516,0.4639404,0.50404555,0.03201409
development-1517,0.38376188,0.49861106,0.11762709
development-1518,0.7499582,0.24180941,0.008232294
development-1519,0.4024956,0.49867278,0.09883158
development-1520,0.45944357,0.42329082,0.11726567
development-1521,0.40294552,0.41355556,0.1834989
development-1522,0.47615936,0.4485616,0.07527896
development-1523,0.5815421,0.34952652,0.068931356
development-1524,0.30338293,0.6119441,0.08467306
development-1525,0.41192803,0.41966814,0.16840386
development-1526,0.3688439,0.6067905,0.024365643
development-1527,0.53405374,0.3038225,0.16212383
development-1528,0.46784225,0.4946604,0.0374973
development-1529,0.3712049,0.5013207,0.12747438
development-1530,0.48271632,0.47081318,0.04647056
development-1531,0.6217827,0.31771076,0.060506508
development-1532,0.30153033,0.6683313,0.030138377
development-1533,0.6071208,0.374884,0.017995218
development-1534,0.4990636,0.46141222,0.039524216
development-1535,0.3427562,0.57633024,0.08091361
development-1536,0.45407543,0.4595694,0.086355194
development-1537,0.51420885,0.37952912,0.10626197
development-1538,0.5218249,0.31129432,0.16688085
development-1539,0.2651472,0.58965075,0.145202
development-1540,0.45818287,0.5199573,0.021859793
development-1541,0.296968,0.6106501,0.092381835
development-1542,0.57442755,0.40723252,0.01833994
development-1543,0.37102896,0.46875742,0.16021357
development-1544,0.5640655,0.36928692,0.06664758
development-1545,0.52417713,0.46506926,0.010753705
development-1546,0.38237545,0.45115915,0.1664654
development-1547,0.39570346,0.5270769,0.07721959
development-1548,0.4661831,0.4142663,0.11955064
development-1549,0.3656489,0.3801092,0.25424188
development-1550,0.43559453,0.4981779,0.06622756
development-1551,0.36863995,0.54746175,0.08389835
development-1552,0.41743097,0.49110588,0.09146312
development-1553,0.27323064,0.62227094,0.104498394
development-1554,0.55358964,0.33432668,0.11208366
development-1555,0.41804245,0.5161403,0.06581728
development-1556,0.64063835,0.19713594,0.16222571
development-1557,0.47888407,0.5086005,0.012515544
development-1558,0.59711003,0.32814416,0.07474584
development-1559,0.499309,0.42568427,0.07500671
development-1560,0.44944653,0.3587964,0.19175708
development-1561,0.2323545,0.30070746,0.46693805
development-1562,0.40290913,0.50454676,0.09254411
development-1563,0.3670359,0.57599556,0.05696852
development-1564,0.41045165,0.48845237,0.10109597
development-1565,0.5585748,0.4074013,0.034023933
development-1566,0.40133822,0.50294465,0.09571713
development-1567,0.73200965,0.19396162,0.074028745
development-1568,0.32783604,0.50169086,0.17047313
development-1569,0.3212088,0.66344345,0.015347748
development-1570,0.54413056,0.4421579,0.013711532
development-1571,0.2161025,0.42507228,0.35882524
development-1572,0.37776873,0.3463087,0.2759226
development-1573,0.22662926,0.45362407,0.31974673
development-1574,0.5641188,0.36024138,0.0756398
development-1575,0.47879493,0.46127975,0.059925266
development-1576,0.45927712,0.46419168,0.076531224
development-1577,0.27689788,0.71895945,0.004142719
development-1578,0.48738074,0.45487866,0.057740565
development-1579,0.4635228,0.46273273,0.07374447
development-1580,0.3303228,0.5209208,0.14875641
development-1581,0.28829616,0.5304248,0.18127912
development-1582,0.3837441,0.55757886,0.058677044
development-1583,0.37051234,0.49932447,0.13016315
development-1584,0.4789145,0.40288103,0.11820457
development-1585,0.374101,0.5199514,0.10594762
development-1586,0.47191417,0.44173163,0.086354256
development-1587,0.5430583,0.3105449,0.14639682
development-1588,0.35919312,0.5723397,0.068467185
development-1589,0.2096396,0.73464817,0.055712268
development-1590,0.56144065,0.42248195,0.016077364
development-1591,0.20553985,0.5378108,0.25664935
development-1592,0.36347717,0.36867478,0.267848
development-1593,0.38368395,0.55831486,0.058001112
development-1594,0.79244465,0.09257534,0.114980005
development-1595,0.31219104,0.4850722,0.20273681
development-1596,0.2799712,0.53884035,0.1811885
development-1597,0.2360198,0.66795903,0.0960212
development-1598,0.3166197,0.59247965,0.090900704
development-1599,0.4954121,0.433836,0.07075189
development-1600,0.3944133,0.56284344,0.0427433
development-1601,0.53054625,0.43984827,0.029605499
development-1602,0.5117211,0.4539302,0.03434871
development-1603,0.4013578,0.41763362,0.1810086
development-1604,0.5061789,0.45499837,0.038822744
development-1605,0.33088413,0.4933702,0.1757457
development-1606,0.46071732,0.31993672,0.21934597
development-1607,0.25395972,0.585492,0.16054824
development-1608,0.5503243,0.3448595,0.10481611
development-1609,0.4035351,0.49841538,0.098049454
development-1610,0.5447587,0.3887996,0.06644172
development-1611,0.42511445,0.48511446,0.08977105
development-1612,0.46728936,0.29658338,0.23612735
development-1613,0.4714448,0.4572211,0.071334094
development-1614,0.39217216,0.38006157,0.22776622
development-1615,0.36645332,0.4832545,0.15029219
development-1616,0.5008806,0.27428818,0.22483118
development-1617,0.5310739,0.34645543,0.12247065
development-1618,0.5389018,0.44297713,0.018121088
development-1619,0.7076799,0.13176899,0.16055103
development-1620,0.39631337,0.584007,0.019679552
development-1621,0.26135203,0.52929235,0.20935565
development-1622,0.6049489,0.35883716,0.03621396
development-1623,0.31057206,0.5335785,0.15584941
development-1624,0.3457204,0.5033574,0.15092212
development-1625,0.5516038,0.32452562,0.12387064
development-1626,0.5353665,0.3656399,0.09899357
development-1627,0.5449922,0.3944162,0.060591612
development-1628,0.5123022,0.46029937,0.027398406
development-1629,0.38389847,0.50220203,0.1138995
development-1630,0.55648583,0.3642478,0.07926634
development-1631,0.5244071,0.405833,0.06975987
development-1632,0.3053643,0.62403613,0.070599526
development-1633,0.59360224,0.3805659,0.025831796
development-1634,0.52280164,0.43609115,0.041107167
development-1635,0.28961045,0.51235896,0.1980306
development-1636,0.28857785,0.5638691,0.1475531
development-1637,0.48237956,0.3644487,0.15317169
development-1638,0.39304507,0.5611226,0.04583232
development-1639,0.49159718,0.48106208,0.027340723
development-1640,0.47031337,0.34179816,0.18788843
development-1641,0.5250097,0.22959976,0.24539047
development-1642,0.4280811,0.4856499,0.08626893
development-1643,0.6230386,0.28580174,0.09115968
development-1644,0.47491542,0.4583604,0.06672416
development-1645,0.46446282,0.48073414,0.05480314
development-1646,0.42061192,0.40739027,0.17199785
development-1647,0.38897175,0.34581074,0.26521754
development-1648,0.42190805,0.43275997,0.14533205
development-1649,0.5142457,0.46563584,0.020118468
development-1650,0.52439564,0.4014271,0.074177206
development-1651,0.48256624,0.45980352,0.057630233
development-1652,0.42380276,0.55587316,0.020324087
development-1653,0.5493209,0.366987,0.08369213
development-1654,0.41539115,0.54571694,0.038891956
development-1655,0.5280157,0.36022654,0.111757755
development-1656,0.62005734,0.365605,0.014337656
development-1657,0.14979158,0.7244662,0.12574217
development-1658,0.41969976,0.47855532,0.101744875
development-1659,0.29265603,0.60470575,0.102638185
development-1660,0.46557742,0.49405885,0.04036372
development-1661,0.3774075,0.5784578,0.04413474
development-1662,0.43952227,0.40537342,0.15510428
development-1663,0.42722863,0.5467816,0.025989775
development-1664,0.66735095,0.2737459,0.05890314
development-1665,0.50786716,0.41892272,0.07321014
development-1666,0.5007772,0.4544184,0.044804346
development-1667,0.48443112,0.38352937,0.13203949
development-1668,0.62601614,0.34707406,0.026909817
development-1669,0.4688142,0.48765028,0.043535568
development-1670,0.30899456,0.4977164,0.19328904
development-1671,0.24987459,0.55535793,0.19476752
development-1672,0.5048291,0.47743022,0.017740693
development-1673,0.66977364,0.23018853,0.10003784
development-1674,0.39501268,0.48541352,0.11957375
development-1675,0.57694507,0.39053386,0.032520983
development-1676,0.40879583,0.57171595,0.019488197
development-1677,0.56683654,0.29276597,0.14039744
development-1678,0.54641396,0.38669252,0.066893496
development-1679,0.560206,0.41642085,0.02337313
development-1680,0.4332132,0.4080363,0.15875049
development-1681,0.41740987,0.4709451,0.111645006
development-1682,0.6680237,0.32261315,0.009363097
development-1683,0.49592593,0.33528417,0.16878991
development-1684,0.32658875,0.5430199,0.1303914
development-1685,0.34487313,0.5251149,0.13001198
development-1686,0.41488275,0.44403312,0.14108415
development-1687,0.60535,0.3491395,0.045510452
development-1688,0.5333492,0.40783617,0.05881456
development-1689,0.49064636,0.41620845,0.093145244
development-1690,0.43635055,0.53943336,0.024216115
development-1691,0.49038795,0.40386713,0.10574489
development-1692,0.37969705,0.5827371,0.037565764
development-1693,0.55716205,0.36864552,0.07419243
development-1694,0.5404363,0.30167943,0.15788427
development-1695,0.16993669,0.69927084,0.1307924
development-1696,0.5672819,0.24626549,0.18645261
development-1697,0.48244196,0.47110182,0.046456207
development-1698,0.48500693,0.34557086,0.16942218
development-1699,0.60785687,0.28992134,0.1022218
development-1700,0.34805954,0.5936698,0.05827064
development-1701,0.31343532,0.39265665,0.293908
development-1702,0.41570538,0.5025898,0.08170477
development-1703,0.6132725,0.2656913,0.12103622
development-1704,0.32849464,0.62250906,0.048996262
development-1705,0.6040513,0.31251884,0.08342987
development-1706,0.5872726,0.29121584,0.12151157
development-1707,0.35257375,0.46117252,0.18625368
development-1708,0.65808713,0.279124,0.062788896
development-1709,0.28683618,0.3127687,0.40039515
development-1710,0.4059795,0.5326383,0.06138212
development-1711,0.33118403,0.528208,0.14060798
development-1712,0.6064825,0.27897316,0.11454435
development-1713,0.51199883,0.4335947,0.05440654
development-1714,0.54153943,0.32194507,0.13651551
development-1715,0.4608872,0.44369,0.09542273
development-1716,0.41164285,0.46983898,0.1185182
development-1717,0.42480138,0.5002719,0.07492664
development-1718,0.49987662,0.38245985,0.1176635
development-1719,0.3956561,0.5788505,0.025493303
development-1720,0.31914347,0.61761737,0.0632391
development-1721,0.44383317,0.4688315,0.0873353
development-1722,0.42916065,0.45934844,0.11149083
development-1723,0.36934784,0.4977171,0.13293509
development-1724,0.5354668,0.41747916,0.0470541
development-1725,0.37283862,0.5762745,0.05088685
development-1726,0.4191078,0.39015302,0.19073918
development-1727,0.49302998,0.44862384,0.058346175
development-1728,0.3699943,0.5368681,0.0931376
development-1729,0.42050442,0.53045815,0.0490374
development-1730,0.5502937,0.32763228,0.12207411
development-1731,0.43950376,0.48518473,0.07531152
development-1732,0.36276278,0.6087695,0.028467761
development-1733,0.51570374,0.35771593,0.12658034
development-1734,0.34718344,0.54150534,0.11131116
development-1735,0.33452007,0.54945457,0.11602534
development-1736,0.32154083,0.47064248,0.20781672
development-1737,0.60909665,0.22529165,0.16561165
development-1738,0.50666773,0.3832277,0.110104494
development-1739,0.5790705,0.325169,0.09576056
development-1740,0.56052846,0.3253079,0.114163615
development-1741,0.41998136,0.5069633,0.07305533
development-1742,0.23543207,0.66765845,0.09690939
development-1743,0.5337235,0.17085265,0.29542392
development-1744,0.44892162,0.4418426,0.10923575
development-1745,0.42361015,0.4798892,0.096500754
development-1746,0.35099563,0.50737303,0.14163128
development-1747,0.32612598,0.5423292,0.13154481
development-1748,0.42807925,0.5201301,0.051790643
development-1749,0.7328428,0.2469376,0.020219574
development-1750,0.53968054,0.3819863,0.078333154
development-1751,0.4370386,0.4769874,0.085974015
development-1752,0.53067034,0.38090435,0.08842526
development-1753,0.5088718,0.48552087,0.005607427
development-1754,0.47579357,0.33251208,0.19169435
development-1755,0.6330553,0.33781788,0.02912676
development-1756,0.16655427,0.4991979,0.33424786
development-1757,0.47394118,0.52233505,0.0037237834
development-1758,0.33718148,0.42364663,0.2391719
development-1759,0.55167353,0.3231634,0.12516315
development-1760,0.5377423,0.4407226,0.021535141
development-1761,0.4096443,0.51373565,0.07662012
development-1762,0.640233,0.33366978,0.026097277
development-1763,0.39905962,0.39820933,0.20273103
development-1764,0.4982413,0.3794466,0.12231211
development-1765,0.48864424,0.28698993,0.22436583
development-1766,0.50566465,0.3694119,0.12492346
development-1767,0.5444009,0.41461703,0.040982153
development-1768,0.39379087,0.4849375,0.121271625
development-1769,0.4941616,0.46271804,0.043120436
development-1770,0.36323297,0.49702978,0.13973719
development-1771,0.43589622,0.3918196,0.17228423
development-1772,0.49956638,0.4904197,0.010013904
development-1773,0.5169199,0.38744062,0.09563943
development-1774,0.49448842,0.41436964,0.091141954
development-1775,0.4492935,0.52661926,0.02408723
development-1776,0.49510163,0.4553021,0.04959637
development-1777,0.41456437,0.4521016,0.13333404
development-1778,0.5001611,0.3273414,0.17249756
development-1779,0.45202,0.47368205,0.07429796
development-1780,0.6543261,0.17316635,0.1725076
development-1781,0.4268213,0.4166582,0.15652049
development-1782,0.28757763,0.6044108,0.10801161
development-1783,0.8969908,0.024509368,0.078499906
development-1784,0.49758887,0.3416949,0.16071616
development-1785,0.42064038,0.48248848,0.096871115
development-1786,0.55425256,0.36532047,0.08042692
development-1787,0.28078648,0.63249993,0.08671359
development-1788,0.3709579,0.4140091,0.21503296
development-1789,0.5115181,0.35609937,0.13238256
development-1790,0.39382133,0.42153642,0.18464229
development-1791,0.31212926,0.5757931,0.112077646
development-1792,0.12874843,0.8314017,0.039849825
development-1793,0.43737593,0.5486551,0.013968932
development-1794,0.39192513,0.56614536,0.041929502
development-1795,0.8032058,0.14698498,0.049809206
development-1796,0.43687418,0.53893113,0.0241947
development-1797,0.46476886,0.45468628,0.08054487
development-1798,0.43134898,0.4115385,0.15711254
development-1799,0.45886952,0.40212944,0.13900113
development-1800,0.49378544,0.26904804,0.23716648
development-1801,0.35737163,0.6061104,0.036517974
development-1802,0.6547215,0.3053903,0.039888274
development-1803,0.37571326,0.3927373,0.23154946
development-1804,0.3845504,0.37628195,0.23916765
development-1805,0.38373694,0.55027705,0.065985985
development-1806,0.2871521,0.65269405,0.060153853
development-1807,0.43617564,0.5292456,0.034578737
development-1808,0.5476987,0.38208783,0.070213504
development-1809,0.60239244,0.3661501,0.031457502
development-1810,0.5224752,0.43226343,0.045261435
development-1811,0.47525167,0.4859202,0.038828135
development-1812,0.5345379,0.40357316,0.061888948
development-1813,0.4203444,0.39777982,0.18187575
development-1814,0.42205057,0.51795423,0.05999527
development-1815,0.35994908,0.6052435,0.03480741
development-1816,0.44828475,0.40384895,0.14786625
development-1817,0.5010903,0.42003208,0.07887757
development-1818,0.49999264,0.3492814,0.15072593
development-1819,0.45136485,0.48413748,0.06449768
development-1820,0.49149147,0.48130006,0.027208477
development-1821,0.46219775,0.41930142,0.118500836
development-1822,0.5075227,0.39986634,0.09261097
development-1823,0.32505497,0.5788456,0.09609942
development-1824,0.36514053,0.4723985,0.16246104
development-1825,0.48428866,0.44079533,0.074916035
development-1826,0.36037514,0.5200959,0.119529076
development-1827,0.50036144,0.3965266,0.10311192
development-1828,0.558908,0.407039,0.034053035
development-1829,0.43181396,0.49212328,0.076062806
development-1830,0.35401773,0.41868198,0.22730024
development-1831,0.47172332,0.3451018,0.18317486
development-1832,0.49830672,0.39050275,0.11119055
development-1833,0.67309195,0.16592263,0.16098537
development-1834,0.5621852,0.36124685,0.07656798
development-1835,0.318057,0.42304608,0.25889692
development-1836,0.5949729,0.3670499,0.03797726
development-1837,0.5417512,0.37244478,0.08580399
development-1838,0.47025687,0.4582186,0.071524575
development-1839,0.5469072,0.3209965,0.13209629
development-1840,0.3572599,0.57870996,0.06403007
development-1841,0.4731104,0.47835055,0.048539024
development-1842,0.4705193,0.5013782,0.028102456
development-1843,0.45123348,0.5248859,0.023880681
development-1844,0.37921163,0.46546757,0.15532081
development-1845,0.3296646,0.57887423,0.09146112
development-1846,0.20194186,0.7274721,0.070585966
development-1847,0.4381354,0.3982784,0.16358621
development-1848,0.40904438,0.2110915,0.37986416
development-1849,0.41946197,0.4068749,0.17366312
development-1850,0.5151787,0.37345785,0.11136352
development-1851,0.26927814,0.5920655,0.13865633
development-1852,0.47513455,0.40251982,0.12234556
development-1853,0.5644022,0.42380914,0.011788702
development-1854,0.58934635,0.24071646,0.16993712
development-1855,0.44869903,0.42202184,0.1292792
development-1856,0.5828858,0.26201504,0.15509912
development-1857,0.45199633,0.3889821,0.15902157
development-1858,0.68402034,0.2448913,0.071088344
development-1859,0.44528198,0.47210166,0.08261639
development-1860,0.46344388,0.22909777,0.30745834
development-1861,0.38503078,0.54854804,0.066421166
development-1862,0.5208652,0.35751504,0.121619664
development-1863,0.34805843,0.4625012,0.18944037
development-1864,0.36148158,0.48501533,0.153503
development-1865,0.40464792,0.5754955,0.019856647
development-1866,0.5863734,0.3650476,0.04857904
development-1867,0.41254053,0.5266688,0.060790755
development-1868,0.6030263,0.3208618,0.07611194
development-1869,0.32789174,0.29187927,0.380229
development-1870,0.19290465,0.59087163,0.21622372
development-1871,0.51737815,0.40196657,0.08065517
development-1872,0.51539975,0.3682681,0.11633215
development-1873,0.3816058,0.4493266,0.16906752
development-1874,0.464124,0.4222495,0.113626495
development-1875,0.29395097,0.65698177,0.049067255
development-1876,0.46198905,0.46308082,0.07493005
development-1877,0.35081685,0.517209,0.13197409
development-1878,0.3709874,0.42154476,0.20746791
development-1879,0.41239884,0.5589018,0.028699342
development-1880,0.3613467,0.4115293,0.22712395
development-1881,0.5964268,0.21873699,0.18483625
development-1882,0.2571282,0.48060882,0.26226297
development-1883,0.52544665,0.399138,0.075415365
development-1884,0.47835582,0.34080634,0.1808379
development-1885,0.4009591,0.51842356,0.08061732
development-1886,0.2944733,0.4727076,0.23281911
development-1887,0.5720461,0.3760201,0.05193382
development-1888,0.45098886,0.43138006,0.11763112
development-1889,0.31194514,0.60173184,0.08632299
development-1890,0.4374239,0.5454371,0.017138947
development-1891,0.73260254,0.22538398,0.0420136
development-1892,0.50976837,0.2763987,0.21383297
development-1893,0.6577826,0.1188107,0.22340667
development-1894,0.54510987,0.27615237,0.17873779
development-1895,0.35052815,0.43497813,0.21449374
development-1896,0.45419767,0.39681044,0.14899194
development-1897,0.37132657,0.4107659,0.21790758
development-1898,0.5250208,0.41643658,0.05854258
development-1899,0.49115106,0.33018366,0.17866527
development-1900,0.43525848,0.5011998,0.06354173
development-1901,0.27928317,0.6356529,0.08506392
development-1902,0.27928317,0.6356529,0.08506392
development-1903,0.4364675,0.40851256,0.15501998
development-1904,0.40631953,0.5404976,0.05318288
development-1905,0.45038414,0.52006763,0.029548343
development-1906,0.38796243,0.48294315,0.12909448
development-1907,0.36952856,0.44131327,0.18915817
development-1908,0.39489496,0.51244503,0.092660084
development-1909,0.43343318,0.4077045,0.15886232
development-1910,0.3218541,0.36852926,0.3096167
development-1911,0.56416035,0.36076075,0.07507896
development-1912,0.504001,0.32412744,0.17187154
development-1913,0.5358211,0.32196894,0.14220998
development-1914,0.6550544,0.15894215,0.18600345
development-1915,0.49294773,0.45892525,0.048127066
development-1916,0.3485072,0.45440775,0.19708513
development-1917,0.73547333,0.18373251,0.080794156
development-1918,0.378913,0.5037377,0.11734928
development-1919,0.4173187,0.52132124,0.061360035
development-1920,0.39133564,0.41498205,0.19368231
development-1921,0.4689775,0.50135654,0.029665956
development-1922,0.3986106,0.5187972,0.08259224
development-1923,0.5038863,0.46383077,0.032282867
development-1924,0.4101286,0.56306577,0.026805654
development-1925,0.48095867,0.51252896,0.006512387
development-1926,0.4527317,0.35924128,0.18802702
development-1927,0.40303442,0.4669803,0.12998521
development-1928,0.5866696,0.35324898,0.060081333
development-1929,0.5492423,0.4247759,0.025981693
development-1930,0.76203847,0.14532712,0.0926344
development-1931,0.48299888,0.42171386,0.09528726
development-1932,0.49510968,0.41626394,0.08862641
development-1933,0.28984794,0.6091359,0.10101615
development-1934,0.46312365,0.48826033,0.048616078
development-1935,0.5218976,0.45361853,0.024483837
development-1936,0.5081061,0.39148137,0.100412555
development-1937,0.2802585,0.50812083,0.21162061
development-1938,0.509875,0.4026855,0.08743943
development-1939,0.36227587,0.44578472,0.19193938
development-1940,0.47281712,0.33895063,0.18823229
development-1941,0.42464617,0.4201137,0.15524015
development-1942,0.56960297,0.37654257,0.053854473
development-1943,0.45764533,0.39929003,0.1430646
development-1944,0.7176123,0.1858509,0.09653678
development-1945,0.43551388,0.36964518,0.194841
development-1946,0.68597716,0.24522455,0.06879833
development-1947,0.34074107,0.5425274,0.116731614
development-1948,0.37791148,0.396786,0.22530255
development-1949,0.31088936,0.41996863,0.26914206
development-1950,0.6004467,0.36359486,0.03595833
development-1951,0.33558768,0.5020243,0.16238798
development-1952,0.4732589,0.36001822,0.16672283
development-1953,0.58614653,0.39076212,0.023091286
development-1954,0.41347834,0.40741727,0.17910437
development-1955,0.5990796,0.3301912,0.07072917
development-1956,0.5557737,0.3571586,0.087067716
development-1957,0.3434817,0.6115767,0.044941645
development-1958,0.6208692,0.26693448,0.11219631
development-1959,0.5186184,0.29101118,0.19037035
development-1960,0.34982046,0.57877076,0.07140879
development-1961,0.17726073,0.29181322,0.53092605
development-1962,0.4093324,0.31700617,0.27366143
development-1963,0.44303846,0.39209947,0.164862
development-1964,0.50448704,0.44677317,0.04873978
development-1965,0.6181444,0.35970208,0.022153556
development-1966,0.49560735,0.46237043,0.042022247
development-1967,0.45820305,0.35337034,0.18842667
development-1968,0.32142505,0.49431217,0.18426275
development-1969,0.49851033,0.41369572,0.087793946
development-1970,0.4134466,0.46607158,0.12048178
development-1971,0.4045462,0.31876308,0.27669066
development-1972,0.37271672,0.47873268,0.14855063
development-1973,0.5685676,0.40402746,0.027404904
development-1974,0.42674637,0.40648833,0.16676532
development-1975,0.6093998,0.38252756,0.00807267
development-1976,0.48991188,0.4129944,0.09709367
development-1977,0.44918305,0.38344756,0.16736941
development-1978,0.41427666,0.54446346,0.04125983
development-1979,0.40858173,0.48203078,0.10938754
development-1980,0.41032693,0.3971476,0.19252543
development-1981,0.51527035,0.34195352,0.14277609
development-1982,0.44787112,0.49975812,0.052370846
development-1983,0.39696303,0.37259158,0.23044537
development-1984,0.40991443,0.43892264,0.15116295
development-1985,0.5702671,0.23176111,0.19797184
development-1986,0.5021861,0.44601616,0.05179773
development-1987,0.27556774,0.5567316,0.16770066
development-1988,0.3785471,0.5678336,0.053619385
development-1989,0.63096374,0.28602922,0.08300712
development-1990,0.47849974,0.35718465,0.16431563
development-1991,0.66209066,0.31369498,0.02421438
development-1992,0.2107341,0.7626049,0.026661037
development-1993,0.57926923,0.40403953,0.016691139
development-1994,0.3257128,0.6072718,0.06701543
development-1995,0.4950293,0.46774507,0.037225626
development-1996,0.54522204,0.40538257,0.049395353
development-1997,0.46921834,0.32505402,0.20572771
development-1998,0.5892026,0.39222175,0.018575713
development-1999,0.35793564,0.48399356,0.15807089
development-2000,0.42224944,0.53546643,0.04228414
